Date,open,high,low,close,volume,C-O,BuySignal
14-07-20,116.4,120.8,115.49,120.45,2583212,4.05,1
15-07-20,121.96,122.97,120.25,121.83,2038144,-0.13,0
16-07-20,119.23,121.7,118.53,121.13,1534740,1.9,1
17-07-20,122.67,122.82,120.66,122.71,2173176,0.04,0
20-07-20,121.89,124.01,120.41,123.56,1725620,1.67,0
21-07-20,125,126.12,122.95,123.49,2286285,-1.51,0
22-07-20,122.97,124.19,120.89,121.36,2333631,-1.61,0
23-07-20,121.58,121.6699,117.31,119.18,2605380,-2.4,0
24-07-20,116.86,118.04,114.38,115.75,3147650,-1.11,0
27-07-20,117.05,120.38,116.29,120.24,2978551,3.19,0
28-07-20,116.5681,119,115,115.24,6709086,-1.3281,1
29-07-20,115.75,119.75,115.75,119.09,2861593,3.34,0
30-07-20,116.89,117.87,115.66,117.22,3058038,0.33,1
31-07-20,118.36,118.63,114.77,117.53,3344893,-0.83,0
03-08-20,118.41,119.75,117.8852,119.15,1606232,0.74,1
04-08-20,119.47,121.555,119.29,120.91,2327790,1.44,0
05-08-20,118.18,120.05,117.25,119.86,2182880,1.68,1
06-08-20,119.57,122.58,119.05,122.45,2338055,2.88,0
07-08-20,121.89,122.67,119.4,120.71,1842737,-1.18,0
10-08-20,120.52,121.84,119.69,121.39,1224424,0.87,0
11-08-20,122.18,124.48,121.15,121.33,1764294,-0.85,1
12-08-20,122.14,125.41,121.86,124.91,1735528,2.77,0
13-08-20,124.3,124.5599,122.52,122.74,1096809,-1.56,1
14-08-20,122.36,123.66,122.18,123.04,739346,0.68,0
17-08-20,124.44,125.02,123.73,124.8,1142612,0.36,0
18-08-20,125.94,126.2,122.89,124.38,2000757,-1.56,0
19-08-20,125.1,125.56,123.12,123.75,1560994,-1.35,0
20-08-20,122.07,122.76,120.61,121.45,1112967,-0.62,1
21-08-20,120.93,121.5,119.8,121.5,1375995,0.57,0
24-08-20,122.7,123.85,122.16,123.78,1042481,1.08,1
25-08-20,125.92,127.8,124.92,127.31,2054998,1.39,1
26-08-20,127.2,128.422,126.1137,127.53,1422861,0.33,0
27-08-20,128.14,128.35,125.44,126.05,1376391,-2.09,1
28-08-20,125.93,127.45,125.26,127.23,1736638,1.3,0
31-08-20,126.96,127.71,124.85,125.76,2257594,-1.2,1
01-09-20,126,129.02,125.95,128.2,2090576,2.2,1
02-09-20,129.68,132.945,128.7,132.1,1541448,2.42,0
03-09-20,130.99,130.99,125.05,126.1,2010064,-4.89,1
04-09-20,126.37,127.08,122.32,126.33,1607662,-0.04,0
08-09-20,121.02,122.65,119.21,119.72,2541781,-1.3,1
09-09-20,122.17,125.63,121.395,124.24,2269290,2.07,0
10-09-20,125.2,127.77,122.55,123.1,1487822,-2.1,1
11-09-20,124.47,126.65,123.155,124.75,1397478,0.28,0
14-09-20,126.17,127.62,124.48,125.7,1538829,-0.47,1
15-09-20,127.39,128.8,126.82,127.41,1601386,0.02,1
16-09-20,129,131.31,128.36,128.59,2053261,-0.41,0
17-09-20,123.62,128.14,122.86,127.76,2066306,4.14,0
18-09-20,128.68,128.99,123.39,126.09,4200604,-2.59,0
21-09-20,122.95,123.51,119.28,121.35,2024521,-1.6,1
22-09-20,122.79,123.48,120.69,122.63,1606958,-0.16,0
23-09-20,123.17,124,119.43,119.94,1595706,-3.23,0
24-09-20,118.64,121.22,118.15,119.16,1810500,0.52,1
25-09-20,118.56,120.17,117.25,119.83,2039641,1.27,0
28-09-20,122.46,124.17,121.905,124,2143414,1.54,0
29-09-20,126.1,126.14,123.16,123.29,1626650,-2.81,1
30-09-20,123.87,126.77,123.22,124.81,2005227,0.94,1
01-10-20,129.63,132.18,128,130.99,3429335,1.36,0
02-10-20,127.17,130.48,126.64,127.39,2130571,0.22,0
05-10-20,129.48,132.07,129,132,2269271,2.52,0
06-10-20,131.7,135.01,130.39,130.9,2187538,-0.8,1
07-10-20,133.33,134.91,133.005,133.6,1838974,0.27,1
08-10-20,135.07,135.92,134.13,134.83,2208206,-0.24,1
09-10-20,142.4807,145.15,138.8,141.53,5037614,-0.9507,0
12-10-20,143,143.25,140.41,142.08,2861315,-0.92,0
13-10-20,141,141.99,136.58,136.84,2605447,-4.16,1
14-10-20,136.8,138.1,135.835,137.11,2318114,0.31,0
15-10-20,134.59,137.59,133.69,136.87,1556938,2.28,1
16-10-20,139.33,139.67,136.96,137.23,1300903,-2.1,0
19-10-20,137.63,138.85,135.53,136.33,1606896,-1.3,0
20-10-20,137.67,137.8,134.89,135.21,1353879,-2.46,1
21-10-20,137.93,138.12,135.27,135.86,1681879,-2.07,0
22-10-20,136.06,136.43,133.32,134.89,1514326,-1.17,1
23-10-20,135.51,137.75,134.3601,137.18,1439669,1.67,0
26-10-20,135.19,136.1,132.71,134.89,2856133,-0.3,0
27-10-20,136.38,136.57,131.65,133.23,2530490,-3.15,0
28-10-20,130.065,130.91,126.8,129.77,3015698,-0.295,1
29-10-20,128.7858,137.5142,128.7858,136.17,2721746,7.3842,0
30-10-20,133.52,135.79,132.98,135.12,2286285,1.6,0
02-11-20,137.09,138.335,136.015,137.31,1903499,0.22,1
03-11-20,137.65,141.49,137,138.88,1747443,1.23,1
04-11-20,141.05,141.49,136.7,139.38,2354748,-1.67,1
05-11-20,142,145.24,141.08,144.38,2242444,2.38,1
06-11-20,144.28,147.47,143.615,146.72,2748176,2.44,0
09-11-20,149.74,152.48,144.55,144.86,3523968,-4.88,0
10-11-20,142.78,144.49,139.94,140.24,2172299,-2.54,1
11-11-20,143.31,145.94,142.7,145.07,1659792,1.76,0
12-11-20,146,146.59,143.63,144.3,1431866,-1.7,1
13-11-20,146.01,147.58,145.66,146.49,1084984,0.48,0
16-11-20,149.39,151.22,148.3,149.99,1888311,0.6,0
17-11-20,150.75,151.55,147.92,149.39,1798108,-1.36,0
18-11-20,149.49,150.61,147.82,148.15,1218392,-1.34,1
19-11-20,148,151.83,147.07,151.35,1765687,3.35,0
20-11-20,151.93,153.03,150.55,150.57,1533167,-1.36,0
23-11-20,152.52,156.35,151.28,155.91,2137117,3.39,1
24-11-20,158.37,158.62,154.74,158.47,2311156,0.1,0
25-11-20,159,159.28,156.655,157.67,1700284,-1.33,0
27-11-20,158.45,161.84,158.17,158.94,1038581,0.49,0
30-11-20,159,160.92,156.85,158.42,2267996,-0.58,1
01-12-20,160.4,161.77,158.65,159.08,1932789,-1.32,1
02-12-20,159.09,160.83,157.47,160.54,1144955,1.45,0
03-12-20,161.1131,162.15,158.75,158.79,1576760,-2.3231,1
04-12-20,159.62,164.17,159.09,163.99,2248990,4.37,0
07-12-20,165.61,167.27,164.3,165.09,2213450,-0.52,1
08-12-20,164.92,167.11,163.81,166.37,1329330,1.45,0
09-12-20,163.96,164.91,155.885,157.32,3678858,-6.64,1
10-12-20,156.5,160.36,156.5,158.27,3002427,1.77,0
11-12-20,157.5,158.7,154.57,157.1,1442657,-0.4,0
14-12-20,159.67,159.74,155.52,158.46,2075264,-1.21,1
15-12-20,157.26,160.69,156.05,160.06,2499500,2.8,0
16-12-20,161.14,161.2,156.61,157.28,2195242,-3.86,1
17-12-20,158.48,158.8,156.36,158.06,1686710,-0.42,0
18-12-20,158.07,158.92,154.68,155.51,4232008,-2.56,0
21-12-20,153.18,157.25,152.93,157.03,1529461,3.85,0
22-12-20,157.13,159.6,155.76,156.38,1489891,-0.75,1
23-12-20,157.94,158.63,156.81,156.86,1571319,-1.08,1
24-12-20,157.72,157.93,156.515,157.33,480480,-0.39,0
28-12-20,159.5,161.8,157.91,158.17,1036752,-1.33,0
29-12-20,158.8,159.525,154.75,155.91,1043352,-2.89,1
30-12-20,157.5,159.74,156.71,159.39,888929,1.89,0
31-12-20,159.86,160.23,158.61,159.01,839304,-0.85,0
04-01-21,160.33,165.84,158.615,162.04,2931612,1.71,1
05-01-21,161.53,165.965,161.12,165.67,1980562,4.14,1
06-01-21,164.61,171.8,164.61,168.72,2686489,4.11,1
07-01-21,172.09,176.5,171.93,174.99,2485549,2.9,1
08-01-21,181.375,182.55,171.5,175.03,2827979,-6.345,0
11-01-21,174.39,176.46,171.93,173.21,3001045,-1.18,1
12-01-21,174.29,179,173.23,176.08,3110866,1.79,1
13-01-21,177.99,177.99,176.18,177.42,1750309,-0.57,1
14-01-21,178.62,181.09,178.62,180,2617678,1.38,0
15-01-21,179.64,179.84,168.451,172.22,3598873,-7.42,0
19-01-21,177.31,178.5,174.54,175,2522440,-2.31,0
20-01-21,178.86,180.305,173.71,174.49,2590775,-4.37,0
21-01-21,176.64,176.75,171.73,173.62,2187707,-3.02,0
22-01-21,172.57,175.17,171.915,172.3,1974237,-0.27,0
25-01-21,176.69,176.75,171.03,174.42,2006144,-2.27,0
26-01-21,174.42,174.46,168.66,168.75,2231333,-5.67,0
27-01-21,162.72,164.43,156.02,160.56,3714458,-2.16,1
28-01-21,166.525,166.8,162.38,164.33,2484770,-2.195,0
29-01-21,164.15,167.545,159.805,160.47,3535396,-3.68,0
01-02-21,166.44,172.44,166.0951,171.53,4953011,5.09,1
02-02-21,180,183,170.7,177.21,6618152,-2.79,0
03-02-21,179.99,181.74,173.11,174.1,3272585,-5.89,1
04-02-21,175.89,181.45,175.15,181.45,2703071,5.56,1
05-02-21,182.95,184.13,181.06,181.99,3031417,-0.96,0
08-02-21,184.7,188.15,184,188.12,2333011,3.42,0
09-02-21,187.35,188.4,184.47,188.04,1698894,0.69,0
10-02-21,191.61,191.925,183.39,187.9,2837319,-3.71,1
11-02-21,188.4,194.7566,188.4,194,2611688,5.6,1
12-02-21,193.17,195.89,190.856,194.39,1671733,1.22,0
16-02-21,199.46,200.19,193.685,195.43,2177964,-4.03,0
17-02-21,192.575,194.9394,187.91,189.69,2384731,-2.885,0
18-02-21,187.5,188.95,183.05,185.88,2774932,-1.62,1
19-02-21,189.41,192.755,188.49,191.59,2193910,2.18,0
22-02-21,190.8,192.4,184.97,185.61,2402581,-5.19,0
23-02-21,183.87,183.87,175.33,181.08,5191278,-2.79,1
24-02-21,178,186.82,176.93,186.21,3161739,8.21,0
25-02-21,186.51,188,178.05,178.52,3353608,-7.99,1
26-02-21,182.04,184.17,177.1248,182.55,2916083,0.51,0
01-03-21,186.52,187.9,183.32,187.3,4355404,0.78,0
02-03-21,189,189.76,182.06,182.27,2770941,-6.73,0
03-03-21,182.6,184.17,175.53,175.99,2418931,-6.61,0
04-03-21,173.59,176.6766,164.19,167.28,3754462,-6.31,1
05-03-21,174.2284,182.06,166.04,180.9,5076480,6.6716,0
08-03-21,178.82,183.58,170.15,171,3168847,-7.82,1
09-03-21,176.13,185.24,175,183.82,3687954,7.69,0
10-03-21,186.04,187.35,180.23,180.43,2240150,-5.61,1
11-03-21,186.69,189.4894,185.03,188.5,3206896,1.81,0
12-03-21,184.89,186.66,181.79,183.47,2077994,-1.42,0
15-03-21,196.8041,200,194.21,199.91,12106497,3.1059,1
16-03-21,201.1,206.21,200.64,202.78,6890131,1.68,1
17-03-21,199.5616,209.59,199,208.34,7321590,8.7784,0
18-03-21,204.15,208.25,197.69,198.59,8299011,-5.56,1
19-03-21,196.35,204.53,193.22,202.04,53102151,5.69,0
22-03-21,203.11,206.12,196.65,200.4,5876913,-2.71,0
23-03-21,200.11,200.23,189.79,191.62,4748174,-8.49,0
24-03-21,193.2534,194.51,187.25,187.28,2892968,-5.9734,1
25-03-21,182.66,192,182.28,191.31,3512554,8.65,1
26-03-21,190.79,199.43,189.07,199,3096230,8.21,0
29-03-21,196.91,197.66,191.88,194.14,2707334,-2.77,1
30-03-21,192.39,198.81,192.2701,197.77,2324541,5.38,1
31-03-21,200.02,203.2,198,201.34,2854055,1.32,1
01-04-21,205.2684,208.31,204.1406,208.08,2662814,2.8116,0
05-04-21,211.34,216.43,209.63,214.7,2663653,3.36,0
06-04-21,212.61,214.7,208.66,212.91,2177545,0.3,0
07-04-21,211.9,213.39,210.26,212.14,1522760,0.24,0
08-04-21,209,210.67,207.09,209.21,3177343,0.21,0
09-04-21,207.45,209.515,206.04,209.19,1878028,1.74,0
12-04-21,207.98,208.22,204.87,207.94,1686526,-0.04,0
13-04-21,207.32,207.79,200.72,202,3033617,-5.32,0
14-04-21,201.1968,203.33,198.59,199.89,2879118,-1.3068,1
15-04-21,202.76,202.76,198.53,201.77,1858183,-0.99,0
16-04-21,201.19,202.08,199.0109,199.38,2187730,-1.81,0
19-04-21,199.37,199.555,191.99,194.76,2686010,-4.61,0
20-04-21,193.86,196.59,192.355,193.86,3197858,0,1
21-04-21,194.16,201.345,192.46,201.13,2747806,6.97,0
22-04-21,201.24,202.07,195.88,196.25,2380142,-4.99,1
23-04-21,198.09,202.77,197.94,201.56,3211226,3.47,0
26-04-21,202.4,206.72,202.1,205.02,3238934,2.62,0
27-04-21,207.78,209.19,202.46,203.4,2790727,-4.38,0
28-04-21,203.89,203.89,198.35,198.65,2191533,-5.24,1
29-04-21,201.2,201.655,196.4,200.76,1982458,-0.44,0
30-04-21,197.27,198.33,191.05,192.51,3704579,-4.76,0
03-05-21,194.75,195.94,190.47,191.84,2245296,-2.91,0
04-05-21,188.5,191.75,185.2,191.09,4444270,2.59,0
05-05-21,192.02,192.73,188.47,190.41,4243267,-1.61,1
06-05-21,189.42,192.62,186.26,192.52,2785646,3.1,1
07-05-21,195,198.5,193.33,197.92,3321426,2.92,0
10-05-21,195.3,196.41,188.91,189.03,2850684,-6.27,1
11-05-21,183.42,192.825,182.59,192.54,3037617,9.12,0
12-05-21,187.79,189.99,181.72,182.78,3820518,-5.01,1
13-05-21,184.85,189.13,184.69,186.44,2586306,1.59,1
14-05-21,188.8,194.95,188.155,192.27,2953904,3.47,0
17-05-21,190.26,191.47,187.24,191.18,2244611,0.92,1
18-05-21,193.07,195.35,191.175,191.25,2288571,-1.82,1
19-05-21,187.16,195.81,186.12,194.94,2749191,7.78,1
20-05-21,195.59,200.62,195.59,199.67,2641454,4.08,1
21-05-21,201.13,202.32,199.18,199.84,2237229,-1.29,0
24-05-21,200.7404,205.7,200.7404,204.38,2078638,3.6396,1
25-05-21,206,206.635,204.13,204.76,1916588,-1.24,1
26-05-21,204.69,207.86,204.02,206.14,1983290,1.45,1
27-05-21,206.51,210.41,205,210.22,3503847,3.71,1
28-05-21,210.5,213.29,209.7,211.42,2239041,0.92,0
01-06-21,212.85,214.3,207.65,207.91,2264873,-4.94,0
02-06-21,207.12,208.56,205.49,207.85,1764834,0.73,0
03-06-21,205.59,205.77,200.63,200.75,3895075,-4.84,1
04-06-21,201.35,203.25,200.67,202,3485632,0.65,0
07-06-21,202,202,199.72,201.15,2587813,-0.85,0
08-06-21,203.08,203.08,197.5,198.25,3322628,-4.83,0
09-06-21,198.71,199.6,196.52,197.38,1939020,-1.33,1
10-06-21,198,202.66,197.7,201.05,2371541,3.05,1
11-06-21,201.01,202.4139,199.43,201.13,1811078,0.12,0
14-06-21,201.55,204.47,199.08,203.57,2099760,2.02,0
15-06-21,202.79,204.9645,201.86,202.99,2071361,0.2,0
16-06-21,204,204.44,197.41,200.26,2006368,-3.74,0
17-06-21,199.77,201.18,195.29,198.43,1781262,-1.34,0
18-06-21,195.62,197.02,192.71,193.1,4796644,-2.52,0
21-06-21,194.35,198.68,193.492,198.46,2312304,4.11,0
22-06-21,197.71,198.71,195.72,197.4,1645993,-0.31,1
23-06-21,196.0941,199.87,195.9363,199.15,1672159,3.0559,1
24-06-21,200.99,205.11,200.39,203.83,2570373,2.84,1
25-06-21,204.47,206.4,202.44,204.17,13139833,-0.3,0
28-06-21,205.85,206.77,203.46,206.18,1931315,0.33,1
29-06-21,205.68,207.95,204.91,207.7,1802303,2.02,0
30-06-21,207.58,207.67,203.63,205.72,2168235,-1.86,0
01-07-21,205.54,205.71,201.27,201.86,1551643,-3.68,1
02-07-21,203.19,203.94,200.94,202.73,1197251,-0.46,0
06-07-21,202.73,203.92,199.85,201.74,2135924,-0.99,0
07-07-21,203,203.47,197.785,198.35,2079248,-4.65,0
08-07-21,194.22,197.13,191.75,195.99,1930507,1.77,1
09-07-21,196.1,201.25,194.805,200.35,1384639,4.25,0
12-07-21,202.4,204.49,200.72,204.41,2090411,2.01,0
13-07-21,203.71,204.83,202.885,204,1708456,0.29,0
14-07-21,206.56,208.75,202.56,203.55,1612932,-3.01,0
15-07-21,197.25,199.565,192.81,194.41,3958025,-2.84,0
16-07-21,195.39,197.27,189.54,190.11,2342466,-5.28,0
19-07-21,187.56,189.37,184.92,188.62,2592730,1.06,1
20-07-21,189.09,195.02,187.84,193.31,1797142,4.22,1
21-07-21,193,198.68,193,198.62,1890946,5.62,0
22-07-21,196.84,196.84,192.25,194.31,1926367,-2.53,1
23-07-21,195.69,196.94,193.79,196.35,1933382,0.66,0
26-07-21,196,198.72,195.73,198.16,1535792,2.16,0
27-07-21,196.53,197,190.65,194.25,2024750,-2.28,1
28-07-21,195.16,200.1,195.16,198.58,1752904,3.42,1
29-07-21,201.765,204.825,201.02,204.27,1666411,2.505,1
30-07-21,202.34,206.67,202.02,206.39,1635734,4.05,0
02-08-21,210.195,215.89,208.56,208.98,3383940,-1.215,1
03-08-21,210.1,210.99,203.04,210.53,2082363,0.43,1
04-08-21,211.13,214.34,209.64,212.43,1818050,1.3,1
05-08-21,213.32,214.88,211.11,212.9,1778006,-0.42,1
06-08-21,211.69,214.32,211.69,213.75,1259830,2.06,0
09-08-21,215.12,218.16,212.92,217.11,2147325,1.99,1
10-08-21,216.71,218.03,214.19,217.26,1564729,0.55,1
11-08-21,217.67,218.84,214.01,218.42,1475465,0.75,0
12-08-21,216.45,217.23,213.38,214.53,2399837,-1.92,1
13-08-21,214.14,216.82,213.515,215.26,1421420,1.12,0
16-08-21,212.98,214.6,211.98,213.18,1543381,0.2,0
17-08-21,211.28,211.77,204.6,206.5,2280923,-4.78,0
18-08-21,206.5,208.07,203.6,203.82,1536738,-2.68,0
19-08-21,200.75,203.42,199.61,203.02,2372224,2.27,1
20-08-21,202.7,205.23,202.35,205,1325109,2.3,0
23-08-21,206.34,211.31,206.34,210.63,1739300,4.29,1
24-08-21,212.275,215.06,211.825,214.52,1688089,2.245,1
25-08-21,216,219.08,215.29,217.79,1909335,1.79,1
26-08-21,217.24,223.38,215.63,222.24,2331314,5,1
27-08-21,222.77,226.88,221.99,226.51,1746227,3.74,0
30-08-21,227.34,228.72,225.55,227.64,1150568,0.3,0
31-08-21,222.25,222.25,209.8,215.13,5156665,-7.12,0
01-09-21,215.445,215.86,211.45,211.5,2551875,-3.945,1
02-09-21,212.92,213.225,210.705,211.91,1856214,-1.01,1
03-09-21,213.09,215.38,212.3,212.99,1813864,-0.1,0
07-09-21,213.45,213.49,211.36,212.86,1822880,-0.59,0
08-09-21,211.94,212.74,207.25,208.12,1740924,-3.82,1
09-09-21,209.83,211.914,209,210.46,2448040,0.63,1
10-09-21,212.94,216.5,212,212.12,1835643,-0.82,0
13-09-21,214.43,216.26,211.68,214.77,1416557,0.34,0
14-09-21,216.11,216.3236,211.15,211.48,1405483,-4.63,1
15-09-21,212.67,212.7,209.9672,212.34,1414786,-0.33,1
16-09-21,211.0293,213.71,208.785,213.03,1502921,2.0007,0
17-09-21,211.63,212.19,207.91,209.33,4877768,-2.3,0
20-09-21,204.91,205,198.94,202.78,2959538,-2.13,1
21-09-21,204.66,207.77,203.01,206.06,1524286,1.4,1
22-09-21,207.8052,213.27,207.11,213.08,1734668,5.2748,1
23-09-21,214.15,218.08,213.01,216.35,1430769,2.2,1
24-09-21,215.01,218.02,214.03,216.67,1096875,1.66,0
27-09-21,214.2,218.14,212.72,216.69,1069800,2.49,0
28-09-21,212.65,214,205.95,206.19,2201949,-6.46,0
29-09-21,202.91,203.79,197.86,198.75,1976559,-4.16,0
30-09-21,200.57,201.49,195.71,195.87,2344655,-4.7,0
01-10-21,196.33,197.28,191,192.89,3381558,-3.44,0
04-10-21,193.71,193.94,187.91,188.95,2551739,-4.76,1
05-10-21,190.69,193.59,188.68,191.63,2246386,0.94,0
06-10-21,188.67,191.94,188.41,190.9,1847474,2.23,1
07-10-21,193.51,197.37,193.51,193.85,1514519,0.34,0
08-10-21,194.51,194.67,189.99,190.31,1394358,-4.2,0
11-10-21,189.34,191.16,185.735,185.94,2144042,-3.4,0
12-10-21,187.15,187.745,182.335,183.19,3021017,-3.96,0
13-10-21,184.42,186.22,182.41,183.1,2767065,-1.32,1
14-10-21,187,189.94,186.76,189.1,2682375,2.1,1
15-10-21,190.39,191.73,189.1,189.81,1772478,-0.58,0
18-10-21,188.21,192.32,187.15,192.26,2028233,4.05,1
19-10-21,192.83,197.13,191.52,196.95,2100596,4.12,1
20-10-21,196.56,199.79,194.79,197.52,2100397,0.96,1
21-10-21,196.3,201.52,196,201.25,1688657,4.95,0
22-10-21,201.58,203.43,199.88,199.93,1829466,-1.65,0
25-10-21,200.66,202.13,199.775,200.29,1390539,-0.37,0
26-10-21,201.08,201.1625,193.77,196.15,2706811,-4.93,0
27-10-21,193.72,195.18,190.84,192.41,2882646,-1.31,1
28-10-21,194.34,200.13,194.14,199.9,1931000,5.56,1
29-10-21,197.74,201.81,197.215,200.86,1604843,3.12,0
01-11-21,202.62,206.58,202.01,205.13,3269917,2.51,1
02-11-21,205.52,208.47,203.18,206.56,2979474,1.04,1
03-11-21,207.49,217.13,206.72,215.78,3378886,8.29,1
04-11-21,215.99,219.43,215,219.26,2326381,3.27,1
05-11-21,220,224.79,219.945,224.25,2835945,4.25,0
08-11-21,223.6629,227.5,221.26,223.08,3829726,-0.5829,0
09-11-21,223.24,223.38,218.34,221.05,1621606,-2.19,0
10-11-21,218.46,220.185,212.77,214.22,2262187,-4.24,1
11-11-21,223.26,223.34,214.15,219.1,4639660,-4.16,0
12-11-21,219.58,220.54,214.41,217.82,2827405,-1.76,0
15-11-21,221,221,215.19,215.68,2003327,-5.32,1
16-11-21,215.2,219.97,214.4,219.26,1497233,4.06,0
17-11-21,219.26,219.26,215.67,217.81,1376544,-1.45,1
18-11-21,218.76,220.67,216.36,220.58,2495127,1.82,1
19-11-21,220.58,221.81,219.64,221.26,2124255,0.68,0
22-11-21,222.31,225.6615,219.44,221.87,2846054,-0.44,0
23-11-21,221.41,224.09,215.57,219.12,2070018,-2.29,1
24-11-21,216.6,221.22,214.32,221.03,1631247,4.43,0
26-11-21,213.12,217.56,210.25,212.45,1776506,-0.67,0
29-11-21,216.75,224.26,215.1,223.94,2412931,7.19,0
30-11-21,222.7,227.815,218.3,223.36,5141720,0.66,0
01-12-21,227.34,234.6799,222.71,223,3223503,-4.34,0
02-12-21,220.27,225.9,218.18,222.73,1934818,2.46,1
03-12-21,225,228.455,221.56,227.12,2743793,2.12,0
06-12-21,227.8,228.309,217.43,224.28,2223768,-3.52,1
07-12-21,228.99,239.91,228,238.9,2934410,9.91,0
08-12-21,229.01,229.8,221.09,228.09,3880058,-0.92,0
09-12-21,225.35,228.56,224.75,225.16,1990848,-0.19,1
10-12-21,228.56,228.88,223.03,226.46,1751518,-2.1,0
13-12-21,228.3776,228.3776,220.06,221.79,1966590,-6.5876,0
14-12-21,218.91,221.63,216.75,219.99,1687336,1.08,1
15-12-21,221.34,229.62,218.775,229.38,2565658,8.04,0
16-12-21,228.84,229.31,217.65,217.95,3223834,-10.89,1
17-12-21,216.235,222.54,214.45,218.71,4671428,2.475,0
20-12-21,215.49,219.685,214.6101,217.65,1336333,2.16,1
21-12-21,221.55,224.7,219.05,224.37,1603774,2.82,1
22-12-21,223.05,226.88,221.71,226.76,1057962,3.71,1
23-12-21,226.76,229.185,226.26,227.35,920491,0.59,0
27-12-21,228.65,232.85,227.6,232.78,1235993,4.13,0
28-12-21,233.81,234.42,228.58,231.02,1362273,-2.79,0
29-12-21,230.39,233.37,229.9,230.52,1116978,0.13,0
30-12-21,230.53,232.6,228.3,228.6,886359,-1.93,0
31-12-21,229.15,231.5,227.35,227.78,986310,-1.37,0
03-01-22,228.39,233.37,228.07,231.22,1519604,2.83,1
04-01-22,232.41,234.9,225.455,232.87,1964983,0.46,0
05-01-22,231.75,234.28,224.26,224.57,1963533,-7.18,1
06-01-22,225.5,228.76,224.11,226.96,1957799,1.46,0
07-01-22,228,229.99,219.88,221.33,1760182,-6.67,0
10-01-22,220.05,222.14,214.7,221.83,1926494,1.78,1
11-01-22,222.67,227.75,220.755,227.54,1712225,4.87,1
12-01-22,229.06,231.4,225.86,229.02,1262999,-0.04,0
13-01-22,231.99,232.36,220.6,221.86,2910990,-10.13,1
14-01-22,218.71,225.39,218.07,225.29,1722896,6.58,0
18-01-22,220,221.165,216.7425,217.42,2330016,-2.58,0
19-01-22,217.94,220.45,210.78,210.95,1876696,-6.99,0
20-01-22,208,211.77,199.41,199.61,2885044,-8.39,1
21-01-22,197.33,207.73,196.8,199.95,3812039,2.62,0
24-01-22,195.83,203.47,188.07,203.07,3739096,7.24,0
25-01-22,197.2,199.875,193.39,194.77,3855581,-2.43,1
26-01-22,200.45,205.25,193.54,196.96,3470576,-3.49,0
27-01-22,200.8738,201.02,186.39,187.96,3786899,-12.9138,1
28-01-22,186.48,189.53,180.12,189.45,4949076,2.97,0
31-01-22,190.39,205.9,190,205.44,5679858,15.05,1
01-02-22,208.99,210.99,200.01,208.2,4066217,-0.79,1
02-02-22,209.63,211.8336,205.6849,210.35,2863864,0.72,0
03-02-22,206.72,208.7999,197.8,198.34,4263591,-8.38,0
04-02-22,196.97,200.11,190.79,198.12,3205417,1.15,0
07-02-22,198.4,201.91,196.06,196.92,2169490,-1.48,1
08-02-22,197.29,203.32,196.085,202.53,2306046,5.24,1
09-02-22,205.49,210,200.5,209.76,3113012,4.27,0
10-02-22,204.36,209.62,198.13,199.05,2466782,-5.31,0
11-02-22,200.01,200.97,185.18,186.74,3738556,-13.27,0
14-02-22,187.84,191.67,183.97,185.88,2040009,-1.96,1
15-02-22,190.5,196.9,189.21,196.62,2810008,6.12,1
16-02-22,195.45,200.64,193,199.66,1969413,4.21,0
17-02-22,196.4,197.45,187.39,187.61,2763054,-8.79,0
18-02-22,188.77,190.14,185.19,187.09,2691821,-1.68,0
22-02-22,185.18,191.605,183.91,187.24,2355338,2.06,0
23-02-22,190.48,194.6,185.03,185.15,2612345,-5.33,1
24-02-22,179.12,191.73,178.305,191.42,3208633,12.3,1
25-02-22,190.49,194.32,185.58,194.2,2058741,3.71,0
28-02-22,191.43,192.73,186.73,190.12,2741126,-1.31,0
01-03-22,189.61,189.985,179.23,181.18,2997848,-8.43,1
02-03-22,183.02,190.47,182.63,188.35,3191781,5.33,0
03-03-22,189.42,189.92,184.05,184.7,2591638,-4.72,0
04-03-22,182.48,183.23,174.1612,176.45,3190789,-6.03,0
07-03-22,177.785,179.1,169.55,169.72,2992458,-8.065,1
08-03-22,170.62,185.44,168.74,176.9,4006618,6.28,1
09-03-22,183,186.27,182.2,183.35,3108923,0.35,0
10-03-22,179.24,181.32,175.82,180.5,1899207,1.26,0
11-03-22,183.98,185.27,178.16,178.56,2176907,-5.42,0
14-03-22,178.38,179.64,170.22,171.71,2515948,-6.67,1
15-03-22,172.86,179.03,172.71,178.44,2183095,5.58,1
16-03-22,181.37,188.42,178.18,188.32,2846085,6.95,1
17-03-22,187.03,190.32,185.14,189.77,1488967,2.74,1
18-03-22,187.51,192.85,184.68,192.42,3112693,4.91,0
21-03-22,190.87,193.23,186.53,190.51,1885834,-0.36,0
22-03-22,189.95,192.19,187.51,187.75,2789004,-2.2,0
23-03-22,185.05,188.54,183.44,183.59,1865360,-1.46,1
24-03-22,188.2,191.38,184.25,191.08,2320544,2.88,0
25-03-22,191.58,191.84,186.4,190.46,1768217,-1.12,0
28-03-22,188.38,190.11,183.99,189.42,2490428,1.04,1
29-03-22,193.38,196.352,190.72,194.74,2083094,1.36,0
30-03-22,192.76,194.39,186.2301,187.33,1922403,-5.43,0
31-03-22,188.45,189.28,184.76,185.08,2627237,-3.37,0
01-04-22,187.12,187.12,179.15,182.02,2417287,-5.1,0
04-04-22,181.72,184.75,180.68,182.61,1844316,0.89,0
05-04-22,180.4,181.18,172.78,175.07,4213375,-5.33,0
06-04-22,170.845,177.25,169.78,174.02,3754899,3.175,0
07-04-22,172.51,175.56,169.44,172.92,2016251,0.41,0
08-04-22,170.52,170.72,165.26,167.5,5746516,-3.02,0
11-04-22,165.43,168.1568,164.75,165.52,3346946,0.09,1
12-04-22,169.83,170.47,165.08,166.23,3138920,-3.6,1
13-04-22,167.51,171.355,165.63,171.03,2922829,3.52,0
14-04-22,171.26,172.51,168.79,170,2698294,-1.26,0
18-04-22,169.7,176.73,169.15,173.25,2138362,3.55,1
19-04-22,170.225,179.28,170.225,178.65,2979308,8.425,1
20-04-22,180.67,185.28,178.37,178.79,2672864,-1.88,0
21-04-22,181.26,183.22,174.36,174.85,2346331,-6.41,0
22-04-22,174.76,175.33,170.015,170.75,2165393,-4.01,0
25-04-22,169.96,173.5,169.01,172.84,2781896,2.88,0
26-04-22,169.98,170.96,167.36,167.75,3351856,-2.23,1
27-04-22,166.645,172.41,165.67,170.76,3341974,4.115,1
28-04-22,172.06,179.43,170.31,177.25,3107041,5.19,0
29-04-22,174.47,178.11,170.64,170.9,2892924,-3.57,0
02-05-22,172.26,177.62,170.255,177,2776166,4.74,1
03-05-22,173.76,179.35,171.975,178.07,3271720,4.31,1
04-05-22,180.66,186.02,173.6,185.92,3166217,5.26,0
05-05-22,180.64,182.42,175.78,178.37,3974007,-2.27,0
06-05-22,177,182.27,173.73,177.58,2457386,0.58,0
09-05-22,174.93,176.79,171.85,172.9,3700082,-2.03,1
10-05-22,178.03,181.7899,172.62,178.44,3438552,0.41,0
11-05-22,175.93,178.61,170.55,170.87,3660038,-5.06,1
12-05-22,169.91,175.08,168.7,173.66,2557011,3.75,1
13-05-22,176.9,183.1,175.61,181.99,2878007,5.09,0
16-05-22,180.05,181.15,176.49,176.99,1949982,-3.06,1
17-05-22,182.04,185.87,181.13,185.64,2909627,3.6,0
18-05-22,182.5784,185.31,174.44,175.39,2654341,-7.1884,1
19-05-22,175.07,179.99,173.495,175.79,1672858,0.72,1
20-05-22,178.75,180.55,173.725,180.11,2744256,1.36,0
23-05-22,180.44,182.06,176.74,180.69,1891669,0.25,0
24-05-22,178.11,180.445,175.615,179.12,2200475,1.01,1
25-05-22,176.88,185.59,176.63,184.63,2294109,7.75,1
26-05-22,184.93,193.45,183.9,192.63,2883449,7.7,1
27-05-22,194.07,198.28,194.07,195.93,3266403,1.86,0
31-05-22,194.98,195.5,188.31,189.76,5124631,-5.22,0
01-06-22,191.08,191.19,181.92,184.57,2552850,-6.51,1
02-06-22,184.77,187.97,183.35,187.94,2443203,3.17,0
03-06-22,184.84,185.14,181.26,182.37,2310959,-2.47,0
06-06-22,183.99,184.5579,177.125,180.01,3169105,-3.98,1
07-06-22,178.31,182.48,176.1,181.83,2372787,3.52,0
08-06-22,181.47,181.595,175.56,177.07,2409901,-4.4,1
09-06-22,176.53,194.71,176.38,184.22,10137529,7.69,0
10-06-22,179.73,182.97,178.07,178.57,3614627,-1.16,0
13-06-22,173.52,176.92,167.77,168.52,3899423,-5,0
14-06-22,168.65,171.11,166.22,168.29,1892444,-0.36,1
15-06-22,170.71,172.155,165.1,168.94,2355609,-1.77,0
16-06-22,164.16,164.75,156.1,158.32,3994223,-5.84,0
17-06-22,159.37,160.7,156.55,157.83,4907509,-1.54,0
21-06-22,162.1,162.56,158.32,159.09,2655406,-3.01,0
22-06-22,156.05,159.71,155.72,156.95,2604261,0.9,0
23-06-22,157.87,157.9399,151.315,153.51,3186075,-4.36,1
24-06-22,155.99,160.55,155.48,159.32,14800220,3.33,0
27-06-22,161.36,161.36,157.65,158.86,2502636,-2.5,0
28-06-22,160.3,164.42,153.81,154.22,3229102,-6.08,0
29-06-22,152.88,153.75,146.975,150.02,3124815,-2.86,0
30-06-22,147.27,149.62,145.31,148.03,4467513,0.76,0
01-07-22,146.67,149.525,143.34,146.09,2531291,-0.58,0
05-07-22,141.93,146,140.33,145.91,3164976,3.98,0
06-07-22,145.83,147.87,143.7,145.75,2264355,-0.08,1
07-07-22,149.04,152.9,147.97,152.02,2362028,2.98,1
08-07-22,150.8,154.88,150.05,154.28,1721879,3.48,0
11-07-22,152.18,154.54,150.88,151.96,2093484,-0.22,1
12-07-22,152.85,154.8,151.09,152.24,1864697,-0.61,1
13-07-22,149.62,155.83,149.25,155.01,2439797,5.39,1
14-07-22,154.75,160.215,153,159.82,2337141,5.07,1
15-07-22,161.2,165.09,160.09,163.98,2681723,2.78,0
18-07-22,165.92,165.92,160.8,161.92,1985738,-4,1
19-07-22,164.12,170.81,164.12,170.43,2174482,6.31,1
20-07-22,169.45,177.48,168.28,176.48,2410453,7.03,1
21-07-22,177.9,180.14,175.01,179.95,2215814,2.05,0
22-07-22,180,180,172.7,175.14,2413884,-4.86,0
25-07-22,174.79,175.35,171.87,174.13,3663107,-0.66,1
26-07-22,177.46,177.88,174.01,174.46,3852550,-3,1
27-07-22,177.59,182.64,177.42,181.42,3222993,3.83,1
28-07-22,182.33,183.83,178.11,183.12,2275201,0.79,1
29-07-22,182.86,185.27,181.15,183.88,2527679,1.02,0
01-08-22,182.82,186.69,182.09,184.5,1928505,1.68,0
02-08-22,183.74,183.8,179.665,180.47,2645450,-3.27,1
03-08-22,181.25,186.18,180.9,185.55,2187863,4.3,0
04-08-22,184.83,185.195,182.49,184.26,1627754,-0.57,0
05-08-22,181.28,182.96,177.63,181.66,2240887,0.38,0
08-08-22,180.61,182.665,177.29,179.96,1660359,-0.65,0
09-08-22,176.43,177.39,169.34,171.04,3130604,-5.39,1
10-08-22,175.41,180.26,172.44,179.97,2726208,4.56,1
11-08-22,181.33,184.69,179.74,180.38,1488677,-0.95,1
12-08-22,181.8,187.57,181.315,187.47,2086006,5.67,0
15-08-22,186,189.13,184.41,187.57,1284500,1.57,0
16-08-22,186.77,187.555,184.76,185.85,1297556,-0.92,0
17-08-22,183.14,183.14,177.39,180.22,1681045,-2.92,1
18-08-22,180.63,184.98,179.893,182.76,1610089,2.13,0
19-08-22,180.94,183.17,179.28,180.33,1619975,-0.61,0
22-08-22,177.07,178.18,172.1,172.52,2154992,-4.55,1
23-08-22,172.15,176.81,172.15,173.94,1043714,1.79,0
24-08-22,174.26,174.26,170.36,173.01,1237991,-1.25,1
25-08-22,173.35,179.2,173.33,179.02,1542840,5.67,0
26-08-22,178.04,178.662,167.82,168.12,2380674,-9.92,0
29-08-22,166.66,168.575,165.5,165.88,1240460,-0.78,0
30-08-22,167.57,168.68,163.355,165.72,1967256,-1.85,0
31-08-22,166.07,167.12,163.23,164.58,2205458,-1.49,0
01-09-22,161.85,164.64,158.91,164.4,2188639,2.55,0
02-09-22,166.86,168.21,161.34,162.39,1696477,-4.47,0
06-09-22,161.86,163.16,159.01,160.75,2031868,-1.11,1
07-09-22,160.51,165.33,160.3635,163.32,1689270,2.81,1
08-09-22,161.97,166.89,160.7,165.45,1498603,3.48,1
09-09-22,166.57,168.87,165.66,168.14,2098026,1.57,0
12-09-22,169.55,169.9,167,169.07,1280186,-0.48,0
13-09-22,162.05,163.4,155,155.46,3863230,-6.59,1
14-09-22,154.62,160.43,154.15,159.45,2807116,4.83,1
15-09-22,159.06,161.9899,156.83,159.68,2340267,0.62,1
16-09-22,158.56,160.675,156.855,159.94,2506530,1.38,0
19-09-22,158.27,163.38,157.81,163.1,1582357,4.83,0
20-09-22,160.35,162.55,159.505,160.9,1358006,0.55,0
21-09-22,161.85,166.71,159.13,159.17,1528456,-2.68,0
22-09-22,158.92,159.9,154.16,155.13,2088120,-3.79,0
23-09-22,152.73,153.37,148.42,152.94,2680335,0.21,0
26-09-22,153.05,154.9631,151.24,151.95,2167962,-1.1,1
27-09-22,154.41,156.5,150.75,153.51,1741513,-0.9,1
28-09-22,152.95,157.1,152.27,156.44,2103774,3.49,0
29-09-22,153.96,155.04,146.95,151.01,2841081,-2.95,0
30-09-22,149.75,152.79,147.43,147.51,2112798,-2.24,0
03-10-22,149.52,153.9,147.8,151.96,2415512,2.44,1
04-10-22,156.48,159.96,155.49,159.89,2392218,3.41,1
05-10-22,156.83,162.35,155.13,161.24,1904454,4.41,0
06-10-22,161.26,163.785,158.87,158.99,1559992,-2.27,0
07-10-22,154.87,154.87,150.3622,151.75,2753027,-3.12,0
10-10-22,151.74,151.96,146.08,147.5,1812098,-4.24,0
11-10-22,145,145.775,141.5622,143.75,3004364,-1.25,0
12-10-22,142.55,143.79,140.13,140.28,2066889,-2.27,1
13-10-22,134.19,145.24,132.08,143.17,3307402,8.98,0
14-10-22,144.9,145.54,137.08,138.09,2893033,-6.81,0
17-10-22,141.81,143.165,139.5,141.27,1972101,-0.54,0
18-10-22,143.44,146.4754,137.73,140.95,2218572,-2.49,1
19-10-22,140.37,143.975,139.83,141.32,2160432,0.95,0
20-10-22,142.08,143.74,138.575,139.04,2895772,-3.04,1
21-10-22,138.71,145.59,137.51,145.25,2496459,6.54,0
24-10-22,144.01,145.77,140.45,144.94,1921732,0.93,1
25-10-22,145.44,148.79,144.81,148.74,2831861,3.3,0
26-10-22,146.69,152.64,144.14,147.28,2023382,0.59,0
27-10-22,149.33,151.86,144.86,145.12,2197887,-4.21,1
28-10-22,145.96,152.19,145,151.66,2552031,5.7,0
31-10-22,149.77,150.58,145.54,146.08,3307191,-3.69,1
01-11-22,150.48,153.85,147.8,151.85,4306559,1.37,0
02-11-22,151.95,158.5,148.41,148.61,2977969,-3.34,0
03-11-22,146.39,146.39,142.755,144.85,2373323,-1.54,1
04-11-22,149.9,151.84,146.93,151.06,2385672,1.16,0
07-11-22,152.7,158.22,151.31,157.9,2451175,5.2,1
08-11-22,161.41,165.1,159.77,163.11,2659159,1.7,0
09-11-22,159.94,161.03,154.63,154.72,2780129,-5.22,1
10-11-22,163.98,165.81,161.67,165.47,4487685,1.49,1
11-11-22,166.52,171,163.54,169.94,2515251,3.42,0
14-11-22,168.04,172.655,168.04,169.01,1823402,0.97,1
15-11-22,175.22,176.66,171.89,174.81,2335636,-0.41,0
16-11-22,171.54,172.855,165.48,166.88,2204373,-4.66,1
17-11-22,162.56,170.4,162.56,170.09,1460548,7.53,1
18-11-22,172.82,172.83,169.22,171.94,1533725,-0.88,0
21-11-22,170.44,171.275,168.12,168.85,1271227,-1.59,1
22-11-22,169.75,173.43,168,173.41,1695549,3.66,1
23-11-22,174.09,179.03,173.275,175.2,1586522,1.11,0
25-11-22,174.97,175.52,172.69,172.69,735363,-2.28,0
28-11-22,169.05,170.86,163.38,164.1,2758037,-4.95,1
29-11-22,164.68,166.26,162.79,164.69,1347265,0.01,1
30-11-22,165.07,176.66,162.61,175.84,3654139,10.77,0
01-12-22,177.55,178.07,173.13,173.44,2083001,-4.11,0
02-12-22,169.17,171.2,167.32,171.06,1619959,1.89,0
05-12-22,169.81,170.3,166.535,168.37,1208132,-1.44,0
06-12-22,166.66,167.8685,161.14,163.08,1903991,-3.58,1
07-12-22,161.45,164.305,160,163.95,1427249,2.5,1
08-12-22,164.65,171.87,163.53,171.47,2520290,6.82,0
09-12-22,169.71,172.87,168.395,169.72,1961974,0.01,0
12-12-22,169.89,173.28,169.1006,173.07,2048360,3.18,1
13-12-22,180.575,180.575,171.29,174.31,3081347,-6.265,0
14-12-22,173.23,175.36,169,171.57,1968677,-1.66,0
15-12-22,168.26,169.645,164.59,165.16,2570271,-3.1,0
16-12-22,164.35,165.425,161.66,163.72,3696450,-0.63,0
19-12-22,164.29,164.33,158.53,160.27,1418231,-4.02,0
20-12-22,157.99,161.22,157.055,159.51,1101408,1.52,1
21-12-22,160.87,163.84,160.01,163.43,1737528,2.56,0
22-12-22,159.86,161.0098,153.96,157.51,2759052,-2.35,1
23-12-22,156.21,157.82,154.2001,157.67,1212321,1.46,0
27-12-22,155.55,155.56,153.24,153.78,1374931,-1.77,0
28-12-22,152.9,154.845,150.9,151.7,1433409,-1.2,1
29-12-22,154.84,159.6967,153.488,158.12,2016648,3.28,0
30-12-22,155.53,158.18,154.07,158.03,1020995,2.5,0
03-01-23,159.78,160.45,153.11,155.05,1900282,-4.73,1
04-01-23,158.28,160.36,156.1,157.96,1678419,-0.32,0
05-01-23,156.1,157.26,153.1,153.51,1692408,-2.59,1
06-01-23,155.85,160.17,153.89,159.63,2063253,3.78,0
09-01-23,162.29,164.45,160.04,160.97,1834371,-1.32,1
10-01-23,163.55,166.25,161.98,166.07,2219656,2.52,1
11-01-23,166.66,168.88,165.225,168.73,2019224,2.07,1
12-01-23,170.09,171.87,167.385,170.21,1704966,0.12,1
13-01-23,168.62,171.95,168.22,171.82,2006431,3.2,0
17-01-23,170.71,170.775,167.79,170.33,1991041,-0.38,1
18-01-23,172.42,175.3,170.54,170.68,1565766,-1.74,0
19-01-23,168.8,169.26,164.86,165,2163258,-3.8,1
20-01-23,166.55,168.675,164.26,168.5,2322322,1.95,0
23-01-23,169.23,175.75,168.51,173.03,3386371,3.8,1
24-01-23,170.95,174.2563,169.49,173.17,1627040,2.22,1
25-01-23,170.84,174.38,168.975,174.1,1328505,3.26,1
26-01-23,176.62,180.2,174.73,180.02,2996396,3.4,1
27-01-23,177.49,182.94,177.09,181.54,2078897,4.05,0
30-01-23,179.34,182.74,178.84,179.48,3948765,0.14,1
31-01-23,182.39,185.15,178.0001,184.31,4265189,1.92,1
01-02-23,184.07,196.3,183.805,193.94,4468428,9.87,1
02-02-23,195.47,197.71,192.83,196.16,2815928,0.69,0
03-02-23,192.19,195.45,190.76,190.95,2654712,-1.24,0
06-02-23,187.91,190.3,186.09,187.37,2060027,-0.54,1
07-02-23,188.24,194.55,188,193.24,2270233,5,0
08-02-23,191.16,192.1525,187.32,187.95,1935669,-3.21,1
09-02-23,191.19,194.06,189.02,189.85,2010608,-1.34,0
10-02-23,187.89,188.18,185.19,186.47,1459748,-1.42,0
13-02-23,186.98,189.245,185.46,188.38,1677751,1.4,1
14-02-23,186.81,190.45,185.45,189.79,1864652,2.98,1
15-02-23,188.17,193.55,188.17,193.29,1482392,5.12,0
16-02-23,190.4,193.81,190.4,191.23,2173510,0.83,0
17-02-23,190.71,191.72,186.61,188.46,2206496,-2.25,0
21-02-23,185.48,187.19,181.09,181.41,2073942,-4.07,0
22-02-23,180.9,181.99,176.73,177.69,2205976,-3.21,1
23-02-23,181.28,181.82,177.11,180.99,2013433,-0.29,0
24-02-23,177.76,178.06,175.37,176.86,1791531,-0.9,0
27-02-23,180.21,180.58,177.43,177.74,1165929,-2.47,1
28-02-23,177.56,180.72,176.545,178.48,1227698,0.92,1
01-03-23,179.27,180.63,177.55,178.87,900323,-0.4,1
02-03-23,176.18,181.23,174.17,180.63,1171488,4.45,1
03-03-23,181.38,183.18,178.785,182.96,1285904,1.58,0
06-03-23,184.01,184.665,178.87,179.94,1088676,-4.07,0
07-03-23,180.41,180.81,176.155,177.4,1330949,-3.01,1
08-03-23,178.38,182.65,178.38,182.51,2072401,4.13,0
09-03-23,182.91,185.31,178.67,179.83,1961599,-3.08,0
10-03-23,181.92,181.97,174.505,175.05,2263023,-6.87,0
13-03-23,173.02,177.82,171.38,174.93,2225238,1.91,1
14-03-23,177.28,179.26,175.59,178.82,2104757,1.54,0
15-03-23,176.34,177.17,171.55,174.6,2497535,-1.74,1
16-03-23,173.11,180.16,172.16,179.49,1886828,6.38,0
17-03-23,179.54,180.2,176.195,177.29,2933577,-2.25,0
20-03-23,177.56,181.14,176.57,180.55,1127833,2.99,0
21-03-23,182.24,183.82,178,180.46,1531813,-1.78,0
22-03-23,180.14,183.26,176.48,176.62,1858231,-3.52,1
23-03-23,178.64,184.495,178.09,182.04,2225322,3.4,0
24-03-23,181.45,181.8,174.7,176.55,2280888,-4.9,0
27-03-23,176.92,178.89,173.47,174.2,2162862,-2.72,0
28-03-23,173.93,173.93,169.9075,173.21,2318017,-0.72,1
29-03-23,176.9,179.71,174.61,179,2398661,2.1,1
30-03-23,181.4,184.14,180.59,181.62,2075885,0.22,1
31-03-23,180.71,186.82,180.36,186.475,2081239,5.765,0
03-04-23,185.53,186,180.34,181.98,1623854,-3.55,0
04-04-23,182.5,182.5128,175.715,176.12,1644420,-6.38,0
05-04-23,174.41,174.99,171.33,173.02,2191085,-1.39,0
06-04-23,172.1,172.77,169.98,170.1,1930707,-2,0
10-04-23,168.82,172.52,168.05,172.41,1746474,3.59,0
11-04-23,174.42,175,171.65,171.88,1589043,-2.54,0
12-04-23,173.31,174.325,169.78,170.22,1726789,-3.09,1
13-04-23,170.37,173.11,169.51,171.92,1648251,1.55,1
14-04-23,172.14,174.77,170.5,172.35,1492367,0.21,0
17-04-23,170.85,174.73,170.85,174.51,1215097,3.66,1
18-04-23,176.42,177.48,174.55,175.78,1369327,-0.64,0
19-04-23,173.52,174.58,172.45,172.79,1196078,-0.73,0
20-04-23,166.45,172.41,163.24,169.62,2490790,3.17,1
21-04-23,169,170.13,165.54,169.82,1827519,0.82,0
24-04-23,169.82,170.74,168.46,169.89,1066492,0.07,0
25-04-23,168.78,168.78,162.31,164.5,2611727,-4.28,1
26-04-23,165.04,167.04,163.46,165.35,1923763,0.31,0
27-04-23,160,161.86,155.31,161.19,4130673,1.19,1
28-04-23,161,163.82,159.525,163.74,2969641,2.74,0
01-05-23,164.23,166.45,163.73,166.01,4321949,1.78,1
02-05-23,173.34,176.88,168.76,171.51,5403173,-1.83,0
03-05-23,172.25,172.52,166.9421,167.56,2363365,-4.69,0
04-05-23,166.98,167.345,162.75,163.79,2363647,-3.19,1
05-05-23,164.74,167.44,162.3,166.82,2405284,2.08,0
08-05-23,166.93,168.345,165.47,168.05,1306531,1.12,0
09-05-23,165.4,165.83,163.27,165.09,1963040,-0.31,1
10-05-23,167.55,168.2041,164.73,165.2,1490352,-2.35,0
11-05-23,163.9,166.16,161.23,163.35,1471000,-0.55,1
12-05-23,164.33,165.25,162.38,164.55,1020622,0.22,0
15-05-23,164.55,168.17,164.04,167.93,1448256,3.38,0
16-05-23,167.21,168.64,165.78,165.89,1279079,-1.32,1
17-05-23,167.8,171.73,167.44,171.25,2081165,3.45,1
18-05-23,172.88,175.865,172.14,175.64,2910636,2.76,0
19-05-23,176.71,177,174.1194,174.96,1987957,-1.75,0
22-05-23,174.2,178.07,173.54,177.37,1485441,3.17,0
23-05-23,176.32,177.37,174.2423,175.06,1832889,-1.26,0
24-05-23,171.31,171.67,165.39,166.52,3235192,-4.79,1
25-05-23,165.01,171.88,163.26,171.34,2833329,6.33,1
26-05-23,173.96,182.58,173.36,181.18,3605823,7.22,0
30-05-23,185,186.58,180.44,182.07,2217362,-2.93,0
31-05-23,180.69,182.07,177.8865,179.1,5286119,-1.59,1
01-06-23,180.18,182.96,176.86,181,2388915,0.82,1
02-06-23,183.24,183.99,178.673,181.6,1547493,-1.64,0
05-06-23,181.83,181.99,175.31,176.56,1894656,-5.27,1
06-06-23,175.46,181.865,174.66,181.26,1688084,5.8,1
07-06-23,182.5,189.915,182.19,186.45,2225684,3.95,1
08-06-23,187.24,188.815,186.23,187.46,1622027,0.22,0
09-06-23,189.1,190.18,184.265,185,2013015,-4.1,0
12-06-23,187,189.715,185.12,189.35,2831538,2.35,1
13-06-23,190.2,197.805,190.01,196.44,3564400,6.24,0
14-06-23,195.94,199.55,194.1,195.69,3289576,-0.25,1
15-06-23,192.92,197.06,192.43,195.75,2454713,2.83,1
16-06-23,198.2,199.18,195.491,197.85,4520127,-0.35,0
20-06-23,195.31,197.905,193.27,195.4,2022098,0.09,0
21-06-23,194.24,195.82,192.74,193.28,2077165,-0.96,1
22-06-23,191.4,195.58,190.51,194.65,1473379,3.25,0
23-06-23,190.5,191.93,188.5,188.69,1886482,-1.81,0
26-06-23,189.99,195.26,189.53,192.2,1438650,2.21,1
27-06-23,192,200.5,190.76,200.32,2192475,8.32,0
28-06-23,196.9,199.82,196.4,197.56,1511619,0.66,1
29-06-23,197.54,200.485,195.125,199.76,1613341,2.22,1
30-06-23,202.9,205.98,200.95,204.68,2521509,1.78,0
03-07-23,205.54,208.63,203.6,207.13,1089166,1.59,0
05-07-23,205,206.69,202.6,203.67,2368434,-1.33,1
06-07-23,200.48,204.64,200.03,204.37,2721574,3.89,0
07-07-23,203.53,207.66,203.53,204.06,1847778,0.53,0
10-07-23,206.15,211.07,205.86,210.42,3146361,4.27,1
11-07-23,210.8,211.49,207.87,210.95,1588383,0.15,1
12-07-23,214.25,214.795,210.6,211.86,2568103,-2.39,1
13-07-23,212.52,216.83,212.39,216.52,2061310,4,0
14-07-23,215.7,216.68,211.36,212.54,1971232,-3.16,0
17-07-23,212.54,221.25,211.955,219.62,2475412,7.08,1
18-07-23,218.86,224.4,218.38,223.66,2130781,4.8,0
19-07-23,223.07,224.32,220.19,220.28,2207591,-2.79,0
20-07-23,216.78,218.605,210.4,211.95,3362010,-4.83,1
21-07-23,214.15,216.33,213.16,213.3,5324210,-0.85,0
24-07-23,212.97,214.56,210.12,210.88,5006577,-2.09,1
25-07-23,219,222.16,216.48,219.89,3839163,0.89,0
26-07-23,217.98,220.5696,215.7,218.48,2204171,0.5,1
27-07-23,223.23,225.57,219.12,221.79,3403462,-1.44,1
28-07-23,225.31,225.4422,220.63,223.31,1994430,-2,0
31-07-23,223.4,225.2,222.06,222.98,1495257,-0.42,1
01-08-23,221.41,224.32,221,223.48,1308968,2.07,0
02-08-23,220.08,220.35,215.94,216.4,3373040,-3.68,0
03-08-23,213.03,217.74,211.7801,215.95,2491787,2.92,0
04-08-23,210.39,215.64,209.415,213.7,2888608,3.31,0
07-08-23,216,218.92,214.01,218.73,1524237,2.73,0
08-08-23,215,217.5,213.26,216.89,1862403,1.89,0
09-08-23,217.38,218.68,214.13,214.37,2069373,-3.01,0
10-08-23,217.7,218.61,210.97,211.98,1750622,-5.72,0
11-08-23,209.22,209.22,202.91,204.2,2703852,-5.02,0
14-08-23,203.1,207.35,202.56,207.25,1757295,4.15,0
15-08-23,205.07,205.48,200.8542,201.74,1944014,-3.33,0
16-08-23,202.42,202.96,195.79,196.74,2400515,-5.68,0
17-08-23,197.81,198.25,193.61,194.53,1970158,-3.28,1
18-08-23,192.55,197.79,192.4,196.57,1989335,4.02,0
21-08-23,196.57,202.545,196.57,201.62,1946296,5.05,0
22-08-23,203.75,204.29,198.56,199.66,1428475,-4.09,1
23-08-23,193.5,202.28,193.5,201.1,2256825,7.6,0
24-08-23,203.27,203.29,193.23,193.82,2888125,-9.45,1
25-08-23,194.81,196.89,193.09,196.2,2358954,1.39,0
28-08-23,197.51,200.81,197.51,199.23,1456638,1.72,1
29-08-23,197.25,205.96,197.25,205.16,1683639,7.91,1
30-08-23,204.95,206.29,202.37,205.88,1962387,0.93,0
31-08-23,205.27,207.8,203.3949,205.72,3461044,0.45,1
01-09-23,207.42,210.16,205.32,209.96,1583547,2.54,0
05-09-23,208.87,210.57,207.33,207.57,1443607,-1.3,1
06-09-23,207.14,209.94,205.48,207.79,1582922,0.65,0
07-09-23,203.79,205.27,202.1101,204.01,1847186,0.22,0
08-09-23,204.01,205.5,201.91,203.05,1220364,-0.96,0
11-09-23,204.86,205.1,200.74,203.5,1101818,-1.36,0
12-09-23,200.83,204.21,199.32,199.5,1301745,-1.33,1
13-09-23,199.15,204.265,199.15,200.4,1897679,1.25,1
14-09-23,202.54,203.42,198.915,202.69,1293857,0.15,0
15-09-23,201.83,202.39,196.335,197.38,4382017,-4.45,0
18-09-23,196.86,199.79,196.52,199.29,1483846,2.43,0
19-09-23,198.71,199.58,196.37,199.14,1307834,0.43,0
20-09-23,200.39,201.445,194.74,194.96,1131838,-5.43,0
21-09-23,193.54,196.21,193.04,194,1711903,0.46,1
22-09-23,195.54,198.9646,194.51,196.79,1523179,1.25,0
25-09-23,195.57,198.27,194.7,198.12,1045406,2.55,0
26-09-23,197,197.53,194.055,194.99,1538595,-2.01,1
27-09-23,197.03,198.27,194.125,196.7,1156145,-0.33,1
28-09-23,197.09,202.745,196.12,200.53,1198237,3.44,0
29-09-23,202.77,203.4,198.755,199.92,1170721,-2.85,0
02-10-23,200.78,202.45,197.52,200.19,1227713,-0.59,0
03-10-23,197.9,201.4808,194.09,195.2,2468256,-2.7,1
04-10-23,195.77,198.85,194.58,198.19,1610184,2.42,0
05-10-23,198.39,199.1,192.85,195.45,1415829,-2.94,1
06-10-23,194.2,200.79,192.14,199.02,1837361,4.82,0
09-10-23,196.77,198.9,194.5,198.12,860095,1.35,1
10-10-23,198.86,204,198.215,201.75,1216716,2.89,1
11-10-23,201.84,204.9,201.6,203.46,1646196,1.62,0
12-10-23,204.34,206.14,200.5,202.36,2120807,-1.98,0
13-10-23,202.37,202.51,193.22,194.5,2439465,-7.87,0
16-10-23,195.77,200.25,195.01,199.78,1963847,4.01,0
17-10-23,197.32,200.24,194.46,197.72,1274914,0.4,0
18-10-23,194.5,195.6175,190.6,193.2,1908886,-1.3,0
19-10-23,193.81,194.05,187.1,187.93,3027852,-5.88,0
20-10-23,187.62,188.53,184.3961,185.76,2155052,-1.86,0
23-10-23,183.91,186.07,181.17,182.35,1700656,-1.56,1
24-10-23,182.92,184.43,180.88,183.61,2337504,0.69,0
25-10-23,180.72,181.4,175.21,175.94,2923590,-4.78,1
26-10-23,178.49,185.29,177.4,179.56,3048756,1.07,0
27-10-23,181.01,181.96,177.55,179.13,1448062,-1.88,0
30-10-23,172.4,173,167.2102,170.18,4475363,-2.22,1
31-10-23,170.79,172.86,167.9301,172.43,2588851,1.64,1
01-11-23,171.57,172.68,167.5,172.52,2889283,0.95,1
02-11-23,175,178.36,173.31,177.59,2472725,2.59,1
03-11-23,179.83,183.75,178.93,181.55,3689986,1.72,0
06-11-23,182.5,184.42,180.44,182.8,4400033,0.3,1
07-11-23,178.25,191.49,178.19,185.8,4285091,7.55,0
08-11-23,180.5,184.66,180.11,183.35,2521926,2.85,0
09-11-23,184.41,184.55,179.64,180.33,2662338,-4.08,1
10-11-23,183.26,187.84,180.73,186.67,3055946,3.41,0
13-11-23,185,185.375,181.96,184.84,1845381,-0.16,1
14-11-23,191.02,195.8,190.17,194.89,2876854,3.87,1
15-11-23,196.43,202.65,196.43,200.75,2807521,4.32,1
16-11-23,200.38,203.07,199.61,200.8,2333254,0.42,1
17-11-23,200.93,202.2,199,200.94,1659068,0.01,0
20-11-23,201,204.78,200.79,203.34,2086559,2.34,0
21-11-23,202,202.43,198.5,200.44,2313052,-1.56,0
22-11-23,201.88,204.98,199.27,199.58,1501089,-2.3,0
24-11-23,199.03,200.775,198.48,200.12,834982,1.09,0
27-11-23,199.05,201.025,198,199.66,1023244,0.61,1
28-11-23,200,201.88,198.36,200.03,1263660,0.03,1
29-11-23,203.74,207.8,202.25,204.33,2149190,0.59,0
30-11-23,205.18,205.52,201.76,204.08,2269543,-1.1,1
01-12-23,204,206.54,202.43,205.68,1363075,1.68,0
04-12-23,204.06,206.49,203.41,206.28,1638549,2.22,0
05-12-23,204.57,206.35,202.68,205.83,1937141,1.26,1
06-12-23,208.54,210.3399,205.38,205.92,2052015,-2.62,1
07-12-23,207.8,213.15,206.817,211.7,2487904,3.9,1
08-12-23,211.43,217.225,210.8,215.55,2609802,4.12,0
11-12-23,216.43,221.9,215.96,220.55,2936978,4.12,0
12-12-23,219.61,221.71,218.76,219.13,1847328,-0.48,1
13-12-23,219.31,223.06,217.53,221.33,2001640,2.02,1
14-12-23,223.81,233.245,223,232.68,3894400,8.87,1
15-12-23,235.17,238.27,232.8,232.93,3936705,-2.24,0
18-12-23,233.2,233.86,227.27,229.33,2531881,-3.87,1
19-12-23,230.41,231.28,228.615,229.38,1722081,-1.03,0
20-12-23,228.56,229.95,222.68,222.9,2483935,-5.66,1
21-12-23,226.97,229.869,226.52,229.25,1905565,2.28,0
22-12-23,230.9,232.15,227.77,228.95,1033647,-1.95,0
26-12-23,230,233.28,229.37,231.95,1159961,1.95,1
27-12-23,232.84,233.9,230.645,232.1,919115,-0.74,0
28-12-23,233.17,233.365,230.64,231.07,946434,-2.1,0
29-12-23,231.07,231.9599,227.73,229.68,1105152,-1.39,0
02-01-24,227.26,227.26,218.57,221.18,2668473,-6.08,0
03-01-24,217.58,218.25,214.08,216.08,1924012,-1.5,0
04-01-24,204.305,210.54,204.12,207.76,3880677,3.455,0
05-01-24,207.99,208.96,204.66,205.72,2165185,-2.27,0
08-01-24,207.3,213.03,207.255,212.17,1923573,4.87,0
09-01-24,208.13,213.07,207.72,211.71,2023270,3.58,0
10-01-24,211.86,212.51,207.18,211.29,1759449,-0.57,1
11-01-24,210.99,212.49,207.31,211.49,2138929,0.5,0
12-01-24,211.3,212.205,207.57,209.11,1247691,-2.19,0
16-01-24,210.69,211.72,206.31,208.99,1749728,-1.7,0
17-01-24,205.93,206,201.58,205.48,2146697,-0.45,1
18-01-24,210.71,212.675,208.96,211.61,3148691,0.9,1
19-01-24,213.34,219.45,212.46,218.36,2750105,5.02,0
22-01-24,219.63,223,217.3467,218.84,2445287,-0.79,1
23-01-24,220.35,224.87,219.45,223.93,2485113,3.58,0
24-01-24,222.73,224.87,219.6501,221.69,2470703,-1.04,0
25-01-24,222.99,223.89,217.83,219.41,2552668,-3.58,0
26-01-24,218.12,218.95,214.36,215.12,2424543,-3,0
29-01-24,216.93,217.57,213.29,217.47,1828064,0.54,0
30-01-24,215.55,217.25,214.23,215.17,1708229,-0.38,0
31-01-24,212.88,215.32,209.75,210.57,3150816,-2.31,1
01-02-24,211.69,214.04,209.44,213.01,1968641,1.32,1
02-02-24,210.16,215.56,209.86,214.99,2136288,4.83,0
05-02-24,218.36,223.42,218,221.02,4119437,2.66,1
06-02-24,220.98,225.42,218.84,223,3949333,2.02,0
07-02-24,225,225,218.61,221.37,2788986,-3.63,1
08-02-24,221.44,228.85,221.44,227.83,2815415,6.39,1
09-02-24,229.87,233.66,228.325,233.55,2621521,3.68,0
12-02-24,234,241.26,233.1,236.68,2787798,2.68,0
13-02-24,230.1,234.23,228.1,232.07,2723745,1.97,1
14-02-24,233.96,235.46,232.43,233.96,1824982,0,1
15-02-24,235.42,238.13,234.03,234.49,2078353,-0.93,0
16-02-24,234.5,236.69,231.3,232.16,1476242,-2.34,0
20-02-24,230,232.2,227.31,231.35,2140523,1.35,1
21-02-24,230.02,235.35,229.665,235.32,1641086,5.3,1
22-02-24,241.47,242.4,237.11,239.5,3173421,-1.97,0
23-02-24,240.82,241.325,237.5,238.85,1817815,-1.97,0
26-02-24,240.36,245,240.15,243.79,1595984,3.43,1
27-02-24,245.88,252.83,245,245.73,2438279,-0.15,0
28-02-24,243.11,245.865,242,243.98,1489157,0.87,1
29-02-24,247.94,250.3,245.66,249.73,3374693,1.79,1
01-03-24,251.88,259.08,250.29,257.51,2444768,5.63,0
04-03-24,259.49,259.49,253.73,254.3,2667655,-5.19,0
05-03-24,251.71,254.28,246.79,248.46,2319781,-3.25,1
06-03-24,252.07,255.355,250.335,251.25,2527872,-0.82,1
07-03-24,253.72,264.26,253.17,259.04,2942300,5.32,0
08-03-24,259.92,262.91,251.79,252.03,2481950,-7.89,0
11-03-24,250.63,254.31,249.72,253.29,2018442,2.66,1
12-03-24,256.19,257.99,251.73,257.46,2102569,1.27,0
13-03-24,253.69,254.35,250.155,250.98,2283410,-2.71,0
14-03-24,250.35,251.345,241.32,243.73,3517528,-6.62,0
15-03-24,234.49,239.31,233,237.54,5827326,3.05,0
18-03-24,240.17,241.99,236.31,236.62,2236909,-3.55,0
19-03-24,234.91,238.145,233.54,236.38,2172363,1.47,1
20-03-24,235.58,241.7399,234.55,241.27,2102466,5.69,1
21-03-24,246.65,249.975,244.56,246.11,2926572,-0.54,0
22-03-24,244.35,247.18,243.315,244.33,2236543,-0.02,0
25-03-24,240.9,242.52,238.61,240.34,1703458,-0.56,0
26-03-24,242.19,243.33,238.79,239.06,1443134,-3.13,1
27-03-24,242.25,246.14,240.48,245.44,1631219,3.19,1
28-03-24,245.89,248.31,245,247.77,1731419,1.88,0
01-04-24,248.38,251.87,244.84,246.28,1342643,-2.1,0
02-04-24,243.82,243.82,239.6,240.77,1532374,-3.05,1
03-04-24,239.09,244.31,238,243.88,1021089,4.79,0
04-04-24,247.23,248.09,237.97,239.17,2209817,-8.06,1
05-04-24,240.25,241.52,238.85,241.01,1574452,0.76,0
08-04-24,242.15,246.21,241.92,244.92,1182084,2.77,1
09-04-24,247.21,251.96,246.37,251.83,1703532,4.62,0
10-04-24,246.73,248.51,240.2,241.08,2028324,-5.65,1
11-04-24,242.85,244.9,240.52,244.33,1736545,1.48,0
12-04-24,239.62,240.89,232.755,233.61,2597791,-6.01,0
15-04-24,237.49,237.5,228.385,230.11,2304189,-7.38,1
16-04-24,231.62,232.545,227.98,230.68,1652709,-0.94,0
17-04-24,231.07,231.46,225.84,226.92,1971013,-4.15,0
18-04-24,222,223.38,217.35,219.35,3495081,-2.65,0
19-04-24,219.35,220.34,213.02,215.12,2760717,-4.23,0
22-04-24,218.67,220.2,214.33,218.66,2230361,-0.01,1
23-04-24,219.02,226.89,218.845,225.61,3024080,6.59,1
24-04-24,235.46,237.69,232.32,235.04,3810687,-0.42,1
25-04-24,236.86,239.59,233.75,238.08,2052353,1.22,1
26-04-24,236.95,244.29,236.39,242.7,2059388,5.75,0
29-04-24,242.75,247.94,242.13,247.13,2976344,4.38,1
30-04-24,257.72,261.15,250.51,256.19,4800102,-1.53,0
01-05-24,253.35,258.21,246.55,249.43,3538450,-3.92,1
02-05-24,253.44,255.39,245.195,254.26,2317172,0.82,1
03-05-24,261,262.11,257.11,257.85,2513186,-3.15,0
06-05-24,259.26,260.49,256.665,259.63,2213775,0.37,0
07-05-24,260.57,262,258.33,258.65,1605475,-1.92,1
08-05-24,255.58,260.29,255.58,260.21,1636505,4.63,1
09-05-24,260.51,261.88,258.08,260.8,1777769,0.29,1
10-05-24,262.5,264,260.18,261.73,1072539,-0.77,0
13-05-24,263.99,266.63,263,263.93,1395228,-0.06,1
14-05-24,264.7,268.4323,263.94,267.66,1618396,2.96,1
15-05-24,270.16,272.29,267.75,272,2231483,1.84,0
16-05-24,271.1,273.37,269.55,269.61,1550132,-1.49,0
17-05-24,269.72,270.18,265.7601,267.72,1344629,-2,0
20-05-24,267.99,274.525,267.5301,273.57,1271743,5.58,1
21-05-24,269.26,275.49,268.17,274.42,1156026,5.16,1
22-05-24,277,280.24,275.2401,278.83,2185496,1.83,0
23-05-24,279.88,279.88,269.68,272.72,2327137,-7.16,1
24-05-24,278.33,280.77,275.55,277.17,1319923,-1.16,0
28-05-24,276.55,282.22,276.12,279.63,1503834,3.08,0
29-05-24,274.44,277.185,273.4,273.83,1696332,-0.61,0
30-05-24,271.42,274.29,270.225,271.43,1785404,0.01,1
31-05-24,271.835,273.9,264.22,272.1,3065120,0.265,0
03-06-24,275.62,277.52,265.105,269.94,1273305,-5.68,0
04-06-24,267.47,271.24,265.64,266.3,1783789,-1.17,1
05-06-24,270.06,276.08,268.771,275.7,1692868,5.64,0
06-06-24,274.63,275.1659,271.52,272.01,1438293,-2.62,0
07-06-24,272.79,277,270.8,271.89,1211311,-0.9,0
10-06-24,268.17,277.32,268.05,276.85,1353965,8.68,1
11-06-24,276.79,278.36,271.87,277.93,1123035,1.14,1
12-06-24,282,286.8699,279.59,282.99,1653643,0.99,0
13-06-24,272.05,279.43,272,275.47,1382729,3.42,0
14-06-24,270,272.41,266.27,268.85,1680348,-1.15,0
17-06-24,268.45,271.64,264.15,271.26,1702687,2.81,1
18-06-24,270.78,273.22,269.36,271.4,1650101,0.62,0
20-06-24,269.61,270.32,263.26,264.68,3003883,-4.93,1
21-06-24,266.43,271.715,264.84,271.03,4027521,4.6,0
24-06-24,268.98,271.77,266.56,267.27,1680638,-1.71,1
25-06-24,270.31,271.35,266.68,269.92,1460697,-0.39,0
26-06-24,269,270.86,265.82,268.17,1693168,-0.83,0
27-06-24,268.21,269.7299,264.41,265.01,1489106,-3.2,1
28-06-24,267.44,273.835,265.88,269.09,2228047,1.65,0
01-07-24,269.12,269.78,262.53,265.67,1724119,-3.45,1
02-07-24,265.67,272.235,265.505,272.04,1421450,6.37,1
03-07-24,272.38,274.59,268.4,272.29,1084497,-0.09,0
05-07-24,275.49,275.5,269.795,273.54,1237696,-1.95,0
08-07-24,274.36,277.8,274.16,277.22,1006988,2.86,0
09-07-24,277.25,278.135,273.18,274.91,1072913,-2.34,1
10-07-24,277.08,282.75,275.08,282.37,1233329,5.29,0
11-07-24,283.51,284.99,274.46,274.58,2096053,-8.93,1
12-07-24,277.81,283.93,275.74,280.19,1558787,2.38,0
15-07-24,281.87,286.09,280,282.77,1431390,0.9,1
16-07-24,285.39,291.47,283.26,290.78,1356659,5.39,0
17-07-24,284.555,296.08,275.97,276.29,4527233,-8.265,1
18-07-24,279.93,285.55,276.05,279.27,2209022,-0.66,0
19-07-24,279.02,279.89,268.096,269.29,2403162,-9.73,0
22-07-24,275.86,284.75,271.02,283.81,4005420,7.95,0
23-07-24,260.79,269.63,255.15,262.3,6654257,1.51,0
24-07-24,260.77,262.585,254.21,254.4,4060921,-6.37,0
25-07-24,250.36,255.46,245.42,247.51,4244335,-2.85,1
26-07-24,251.59,256.23,250.58,253.62,2111290,2.03,0
29-07-24,257.25,262.235,254.31,255.81,2421539,-1.44,0
30-07-24,258.46,258.46,250.36,251.68,2477980,-6.78,1
31-07-24,258.84,264.54,255.19,263.16,3232341,4.32,0
01-08-24,258.01,260.61,241.4,243.62,4006598,-14.39,0
02-08-24,236.15,238.9078,231.08,237.75,4567156,1.6,0
05-08-24,232.03,241.98,229.015,235.41,3227591,3.38,1
06-08-24,237.24,243.02,234.35,236.76,1854896,-0.48,0
07-08-24,243.53,244.52,228.3,229.29,2678128,-14.24,1
08-08-24,236.7,245.96,233,245.24,2776151,8.54,0
09-08-24,242.38,243.91,239.06,242.02,1089276,-0.36,0
12-08-24,242.7,243.12,237.025,240.16,2299072,-2.54,1
13-08-24,241.46,248.61,241.1,248.01,2323540,6.55,0
14-08-24,247.79,248.885,241.255,243.64,1786039,-4.15,1
15-08-24,250.62,254.76,247.36,253.25,2790226,2.63,1
16-08-24,251.99,255.78,250.035,254.44,1524003,2.45,0
19-08-24,252.57,258.42,250.645,258.24,1381441,5.67,0
20-08-24,256.58,257.375,252.55,254.02,1516412,-2.56,1
21-08-24,256.61,259.74,251.01,254.31,2218687,-2.3,0
22-08-24,254.98,255.37,244.21,245.36,3142475,-9.62,1
23-08-24,251.18,254.27,248.43,252.63,2568464,1.45,0
26-08-24,251.3,252.025,248.23,249.84,2042049,-1.46,1
27-08-24,247.4,254.54,246.045,252.73,1653476,5.33,0
28-08-24,252.37,253.37,244.9,246.91,1439409,-5.46,1
29-08-24,249.32,254.25,247.48,248.78,1666545,-0.54,1
30-08-24,254.79,257.61,252,256.36,2696453,1.57,0
03-09-24,251.24,252.24,234.93,236.14,3464128,-15.1,1
04-09-24,234.01,240.33,232.075,238.86,2245345,4.85,0
05-09-24,236.17,239.83,234.67,236.7,1976784,0.53,0
06-09-24,236.17,236.47,225.68,226.7,3035625,-9.47,0
09-09-24,230.1,231.07,226.73,230.6,2549490,0.5,0
10-09-24,227.38,228.915,221.54,225.19,2911128,-2.19,1
11-09-24,224.36,231.33,220.1,230.87,3876759,6.51,0
12-09-24,228.01,229.24,222.37,225.14,2532950,-2.87,1
13-09-24,228.11,231.88,227.04,229.93,3017664,1.82,0
16-09-24,227,230.5,225.33,230.01,1866372,3.01,1
17-09-24,232.35,234.68,229.51,232.57,1920660,0.22,0
18-09-24,233.37,238.64,230.96,231.51,2161234,-1.86,1
19-09-24,238.64,242.49,235.85,238.72,3657010,0.08,0
20-09-24,233.41,234.17,228.54,231.88,6787626,-1.53,0
23-09-24,232.95,234,230.9401,231.86,1470425,-1.09,1
24-09-24,234.6,239.17,230.67,233.75,1913947,-0.85,1
25-09-24,231.53,235.14,231.18,233.97,1621535,2.44,1
26-09-24,242.625,244.12,234.945,242.24,2067698,-0.385,1
27-09-24,245.18,246.98,242.69,244.93,2444061,-0.25,0
30-09-24,237.39,240.2,236.22,240.01,2898566,2.62,0
01-10-24,238.81,239.83,230.395,232.22,2440727,-6.59,1
02-10-24,232.6,238.49,230.83,235.36,1404519,2.76,0
03-10-24,232.75,234.91,230.93,233.24,1748083,0.49,1
04-10-24,239.56,239.71,231.51,234.24,1599654,-5.32,0
07-10-24,236.98,237.09,232.2,234.02,1806137,-2.96,1
08-10-24,234.02,236.18,232.39,234.96,1469579,0.94,1
09-10-24,233.24,238.8675,233,238.31,1423811,5.07,0
10-10-24,234.07,236.47,232.5,236.17,1191496,2.1,1
11-10-24,233.57,240.75,233.35,238.1,1148222,4.53,0
14-10-24,240.23,243.74,237.85,243.44,1965312,3.21,0
15-10-24,242.64,244.57,230.14,232.85,3611885,-9.79,0
16-10-24,236.43,237.84,232.5,232.73,1368851,-3.7,0
17-10-24,238.44,238.88,232.1,232.28,2062228,-6.16,1
18-10-24,236.24,236.6691,232.44,233.45,1187652,-2.79,0
21-10-24,231.06,232.445,227.33,230.15,1585290,-0.91,1
22-10-24,229.42,232.49,227.6429,231.52,2173649,2.1,1
23-10-24,236.23,239.885,233.02,236.32,2957278,0.09,1
24-10-24,238.68,241.92,235.56,239.06,1593103,0.38,1
25-10-24,240.62,246.075,240.08,243.16,2140509,2.54,0
28-10-24,239.42,251.0999,238.13,249.7,2812039,10.28,1
29-10-24,250.57,256.62,249.06,255.58,2134410,5.01,0
30-10-24,249.47,253.42,245,245.32,2401855,-4.15,0
31-10-24,244.48,244.48,231.3,234.5,3540566,-9.98,1
01-11-24,234.5,240.17,234.095,238.59,2224189,4.09,0
04-11-24,237.32,239.21,235.57,236.9,2935914,-0.42,0
05-11-24,220.5,224.84,216.93,224.65,5961084,4.15,1
06-11-24,228.13,233.83,226.11,231.38,3597991,3.25,1
07-11-24,237.76,238.85,231.88,236.12,3129520,-1.64,0
08-11-24,233.13,235,227.965,233.89,2743168,0.76,0
11-11-24,230.98,231.415,223.71,227.04,2715076,-3.94,0
12-11-24,225.31,226.99,221.85,224.79,2528823,-0.52,0
13-11-24,221.57,225.44,221.44,222.96,3145030,1.39,1
14-11-24,223.88,225.33,221.37,223.96,2250276,0.08,0
15-11-24,221.83,223.96,216.59,217.04,2793131,-4.79,0
18-11-24,217.2,220.42,216.0371,220.19,2472978,2.99,0
19-11-24,218.55,220.59,217.245,219.91,1503557,1.36,1
20-11-24,217.2,220.47,216.0639,220.34,2143872,3.14,1
21-11-24,222.11,226.29,219.7817,224.57,1769699,2.46,1
22-11-24,227,227.03,223.705,226.38,1584139,-0.62,0
25-11-24,229.94,235.43,227.83,233.85,2784862,3.91,0
26-11-24,237.36,238.76,226.75,228.66,2476629,-8.7,0
27-11-24,228.09,229.97,222.86,226.53,1520727,-1.56,0
29-11-24,227.86,232.17,226.72,229.37,1606570,1.51,0
02-12-24,229.005,236.07,228.175,233.61,2796583,4.605,0
03-12-24,230.71,232.79,228.09,228.36,2573008,-2.35,0
04-12-24,231.27,231.86,222.54,223.66,2352027,-7.61,0
05-12-24,222.47,223.03,216.41,216.99,2296966,-5.48,1
06-12-24,218.37,220.19,217.61,218.66,2302325,0.29,0
09-12-24,217.95,225.99,217.2,223.61,2149857,5.66,0
10-12-24,224.26,224.48,217.05,217.94,1715979,-6.32,1
11-12-24,220.1,221.92,217.76,219.84,2483005,-0.26,0
12-12-24,218.58,219.62,215.43,217.73,1770951,-0.85,0
13-12-24,216.12,218.31,215.05,216.84,2855800,0.72,0
16-12-24,217.11,220.65,214.79,218.18,2884862,1.07,1
17-12-24,220.34,223.18,217.61,219.02,3592557,-1.32,0
18-12-24,219.08,223.36,209.29,210.29,3610382,-8.79,0
19-12-24,212.06,213.4599,206.97,207.27,2734949,-4.79,1
20-12-24,205.64,213.47,204.72,210.24,6139389,4.6,0
23-12-24,210.5,214.84,210.5,214.09,1737645,3.59,1
24-12-24,214.92,215.41,212.31,215.4,790910,0.48,0
26-12-24,213,217.38,213,215.04,885784,2.04,0
27-12-24,213.33,214.95,211.67,213.76,1162105,0.43,0
30-12-24,211.55,211.95,206.79,207.47,1817889,-4.08,1
31-12-24,208.74,209.49,206.335,207.85,1154488,-0.89,0
02-01-25,209.61,211.6,205.23,206.21,1424491,-3.4,1
03-01-25,207.3,210.14,205,208.86,2308155,1.56,0
06-01-25,210.01,215.91,210.01,213.41,1972698,3.4,0
07-01-25,213.88,218.9373,211.24,212.58,2312319,-1.3,0
08-01-25,212.14,213.32,207.34,209.72,2302573,-2.42,0
10-01-25,209.63,211.32,206.38,206.75,2511070,-2.88,0
13-01-25,203.12,207.21,202.25,206.83,1629748,3.71,1
14-01-25,208.58,210.65,206.73,210.63,1513426,2.05,1
15-01-25,215.26,216.6618,213.49,213.56,3143423,-1.7,0
16-01-25,215.25,215.42,209.78,210.76,1632367,-4.49,1
17-01-25,216.41,217.458,213.97,215.36,1921559,-1.05,0
21-01-25,215,216.7474,213.33,214.88,3237899,-0.12,1
22-01-25,215.185,219.635,214.01,216.09,2367936,0.905,1
23-01-25,213.62,219.91,212.685,219.88,2250783,6.26,0
24-01-25,216.45,217.455,211.57,213.43,2777273,-3.02,0
27-01-25,215.005,219.74,212.38,215.08,4526819,0.075,0
28-01-25,214,215.71,208.3,213.43,2446618,-0.57,0
29-01-25,213.23,215.74,211.74,213.01,1739617,-0.22,0
30-01-25,211.64,212.76,206.81,211.39,3304073,-0.25,0
31-01-25,212,215.8499,208.31,208.55,3020149,-3.45,0
03-02-25,203,207.0835,198.21,204.73,4743077,1.73,0
04-02-25,207.84,210,198.87,202.4,3676469,-5.44,1
05-02-25,201.76,214.13,201.58,213.24,4451082,11.48,1
06-02-25,216.5,220.62,214.655,216.82,2929073,0.32,0
07-02-25,215.47,217.86,211.27,212.93,2216694,-2.54,0
10-02-25,214.2,215.07,208.76,210.05,2412374,-4.15,1
11-02-25,208.32,213.64,207.6391,210.97,1273192,2.65,1
12-02-25,216.4,221.49,212.63,219.79,3202696,3.39,0
13-02-25,219.21,221.28,216.64,219.59,2761468,0.38,1
14-02-25,220.8,226.44,219.26,224.14,3085481,3.34,0
18-02-25,226.79,234.085,226.72,228.86,4327314,2.07,1
19-02-25,230.52,246.7999,229.55,245.58,5345931,15.06,1
20-02-25,255,255.45,244.08,245.86,4342795,-9.14,0
21-02-25,247.21,248,236.22,236.52,5304711,-10.69,0
24-02-25,236.795,238.63,232.87,233.15,3130029,-3.645,0
25-02-25,234.53,235.7,228.02,228.56,3033446,-5.97,1
26-02-25,229.52,230.7,225.38,229.38,2631135,-0.14,0
27-02-25,228.65,229.3,216.46,216.87,3573955,-11.78,0
28-02-25,218.33,221.15,213.63,215.59,4231960,-2.74,0
03-03-25,220,222.79,213.48,216.53,4651959,-3.47,0
04-03-25,216.51,218.11,210.72,211.16,4111512,-5.35,1
05-03-25,213.33,217.555,208.67,216.77,2621131,3.44,0
06-03-25,212.79,219.45,210.67,214.47,3465287,1.68,1
07-03-25,214.095,223.8,212.5001,222.56,4301488,8.465,0
10-03-25,217.47,218.07,206.94,208.84,3637276,-8.63,0
11-03-25,209.1,209.76,199.875,205.8,3198173,-3.3,0
12-03-25,208.07,209.98,203.63,204.45,2288747,-3.62,0
13-03-25,204.07,208,200.06,201.02,1792710,-3.05,1
14-03-25,204.8,206.96,203.48,206.16,2771741,1.36,0
17-03-25,204.86,212.1199,204.86,209.83,2207664,4.97,0
18-03-25,207.45,208.99,205.27,207.1,1862492,-0.35,1
19-03-25,206.18,211.36,206.03,207.38,1640641,1.2,0
20-03-25,204.06,205.66,201.53,202.64,1455356,-1.42,0
21-03-25,200.18,201.3768,196.95,200.64,3352068,0.46,0
24-03-25,206.32,212.42,205.595,211.12,2743069,4.8,1
25-03-25,213.91,216.63,210.75,211.33,1662393,-2.58,0
26-03-25,211.04,212.61,202.87,205.75,3637912,-5.29,0
27-03-25,203.29,203.87,198.72,200.06,2877559,-3.23,0
28-03-25,198.27,199.08,188.85,189.99,4261007,-8.28,0
31-03-25,187.3,191.11,183.56,190.06,4304221,2.76,0
01-04-25,188.545,190.14,184.3,190,2270378,1.455,1
02-04-25,186.4,196.59,186.4,193.67,2231689,7.27,0
03-04-25,183.48,185.31,171.71,171.88,6169107,-11.6,0
04-04-25,164.87,167.375,155.87,160.81,6449413,-4.06,0
07-04-25,156.54,173.55,152.37,163.29,6564375,6.75,0
08-04-25,164.58,169,148.09,153.5,5100355,-11.08,1
09-04-25,156.52,187.51,152.205,185.87,8787113,29.35,0
10-04-25,176.12,177.86,159.53,165.59,6325856,-10.53,1
11-04-25,164.34,169.81,158.66,168.79,5169477,4.45,0
14-04-25,172.45,173.34,166.76,170.545,2349732,-1.905,1
15-04-25,172.72,174.51,169.46,171.63,1924180,-1.09,0
16-04-25,165.25,170.45,163.16,168.59,4699837,3.34,1
17-04-25,169.91,172.02,166.76,170.74,2106654,0.83,0
21-04-25,166.6,171.95,166.6,171.5,2624879,4.9,1
22-04-25,173.74,176.08,172.17,174.66,2876508,0.92,1
23-04-25,181.46,185.3632,179.51,180.87,3917726,-0.59,1
24-04-25,187.21,194.43,184.7743,193.57,4247192,6.36,0
25-04-25,189.39,194.59,188.41,193.55,2486056,4.16,0
28-04-25,192.87,198.15,190.59,196.24,4337483,3.37,0
29-04-25,181.515,185.535,177.19,182.62,6950778,1.105,1
30-04-25,179.29,184.938,176.26,184.31,3210600,5.02,0
01-05-25,186.11,186.82,181.51,181.84,3354873,-4.27,1
02-05-25,184.48,191.61,184.28,188.14,3434708,3.66,0
05-05-25,186.02,186.8555,184.15,184.95,2324002,-1.07,0
06-05-25,182.25,184.635,180.6337,182.41,1579820,0.16,1
07-05-25,183.635,187.815,182.42,186.87,2137553,3.235,1
08-05-25,189.64,193.04,186.9,188.57,2412350,-1.07,1
09-05-25,191.28,194.05,189.4412,191.88,2683263,0.6,0
12-05-25,204.88,208.93,204.32,207.03,4998163,2.15,1
13-05-25,206.2,213.01,206.2,212.4,3910105,6.2,0
14-05-25,212.58,213.42,209.07,211.33,2386944,-1.25,0
15-05-25,209.71,211.67,208.67,210.73,1999604,1.02,1
16-05-25,210.95,212.99,209.12,212.56,2094117,1.61,0
19-05-25,206.68,211.435,205.515,210.36,2108884,3.68,0
20-05-25,207.68,210.95,207.68,210.08,1672113,2.4,0
21-05-25,207.36,213.36,204.38,205.35,3018041,-2.01,0
22-05-25,209.695,211,196.26,196.51,5012589,-13.185,0
23-05-25,189.915,194.1,189.32,192.15,3674264,2.235,0
27-05-25,195.3,200.45,193.78,198.9,3935348,3.6,0
28-05-25,199.05,200.273,195.78,196.21,2240446,-2.84,0
29-05-25,200,200.32,194.6,195.89,1851499,-4.11,0
30-05-25,194.66,195.045,188.18,191.13,4292684,-3.53,0
02-06-25,190.36,193.66,189.8,192.81,1734298,2.45,1
03-06-25,192.21,199.72,190.33,198.96,2866905,6.75,1
04-06-25,202.26,211.085,201.28,210.02,3857209,7.76,0
05-06-25,210.93,213.5,205.69,206.9,2362819,-4.03,1
06-06-25,210.6,211,207.39,207.68,1901196,-2.92,0
09-06-25,209.61,215.23,208.94,213.08,2727108,3.47,1
10-06-25,214.44,220.73,213.5,218.72,2588887,4.28,0
11-06-25,219.8,222.22,215.12,217.41,2222175,-2.39,0
12-06-25,217.305,220.015,216.205,217.4,1711302,0.095,0
13-06-25,212.875,215.18,210.42,210.9,1840224,-1.975,0
16-06-25,213.94,218.01,213.2238,217.53,1739346,3.59,0
17-06-25,213.045,217.27,212.58,212.83,2202423,-0.215,0
18-06-25,213.57,214.45,210.73,211.45,1939002,-2.12,0
20-06-25,213.42,215.365,207.71,209,4244826,-4.42,0
23-06-25,209.57,211.58,205.865,210.86,1847628,1.29,1
24-06-25,215,220.68,214.1,218.51,2833336,3.51,0
25-06-25,217.52,217.93,213.81,216.28,1781820,-1.24,1
26-06-25,217.9,219.36,216.58,218.3,2709907,0.4,0
27-06-25,218.15,220.89,215.11,217.04,2060479,-1.11,0
30-06-25,219.71,219.71,216.65,218.49,2165374,-1.22,1
01-07-25,216.59,225.57,215.45,221.21,4451122,4.62,1
02-07-25,224.1,232.2,223.86,231.15,2730755,7.05,1
03-07-25,231.15,233.175,230.2472,232.1,1299390,0.95,0
07-07-25,228.85,231.63,225.45,226,2165787,-2.85,1
08-07-25,228.76,234.32,227.13,232.34,2287990,3.58,0
09-07-25,231.78,234.53,227.44,230.42,1819193,-1.36,1
10-07-25,233.065,236.46,230.43,233.19,1948182,0.125,0
11-07-25,230.28,232.07,228,228.92,1870717,-1.36,0
