,open,high,low,close,volume
2020-07-14,116.4,120.8,115.49,120.45,2583212
2020-07-15,121.96,122.97,120.25,121.83,2038144
2020-07-16,119.23,121.7,118.53,121.13,1534740
2020-07-17,122.67,122.82,120.66,122.71,2173176
2020-07-20,121.89,124.01,120.41,123.56,1725620
2020-07-21,125.0,126.12,122.95,123.49,2286285
2020-07-22,122.97,124.19,120.89,121.36,2333631
2020-07-23,121.58,121.6699,117.31,119.18,2605380
2020-07-24,116.86,118.04,114.38,115.75,3147650
2020-07-27,117.05,120.38,116.29,120.24,2978551
2020-07-28,116.5681,119.0,115.0,115.24,6709086
2020-07-29,115.75,119.75,115.75,119.09,2861593
2020-07-30,116.89,117.87,115.66,117.22,3058038
2020-07-31,118.36,118.63,114.77,117.53,3344893
2020-08-03,118.41,119.75,117.8852,119.15,1606232
2020-08-04,119.47,121.555,119.29,120.91,2327790
2020-08-05,118.18,120.05,117.25,119.86,2182880
2020-08-06,119.57,122.58,119.05,122.45,2338055
2020-08-07,121.89,122.67,119.4,120.71,1842737
2020-08-10,120.52,121.84,119.69,121.39,1224424
2020-08-11,122.18,124.48,121.15,121.33,1764294
2020-08-12,122.14,125.41,121.86,124.91,1735528
2020-08-13,124.3,124.5599,122.52,122.74,1096809
2020-08-14,122.36,123.66,122.18,123.04,739346
2020-08-17,124.44,125.02,123.73,124.8,1142612
2020-08-18,125.94,126.2,122.89,124.38,2000757
2020-08-19,125.1,125.56,123.12,123.75,1560994
2020-08-20,122.07,122.76,120.61,121.45,1112967
2020-08-21,120.93,121.5,119.8,121.5,1375995
2020-08-24,122.7,123.85,122.16,123.78,1042481
2020-08-25,125.92,127.8,124.92,127.31,2054998
2020-08-26,127.2,128.422,126.1137,127.53,1422861
2020-08-27,128.14,128.35,125.44,126.05,1376391
2020-08-28,125.93,127.45,125.26,127.23,1736638
2020-08-31,126.96,127.71,124.85,125.76,2257594
2020-09-01,126.0,129.02,125.95,128.2,2090576
2020-09-02,129.68,132.945,128.7,132.1,1541448
2020-09-03,130.99,130.99,125.05,126.1,2010064
2020-09-04,126.37,127.08,122.32,126.33,1607662
2020-09-08,121.02,122.65,119.21,119.72,2541781
2020-09-09,122.17,125.63,121.395,124.24,2269290
2020-09-10,125.2,127.77,122.55,123.1,1487822
2020-09-11,124.47,126.65,123.155,124.75,1397478
2020-09-14,126.17,127.62,124.48,125.7,1538829
2020-09-15,127.39,128.8,126.82,127.41,1601386
2020-09-16,129.0,131.31,128.36,128.59,2053261
2020-09-17,123.62,128.14,122.86,127.76,2066306
2020-09-18,128.68,128.99,123.39,126.09,4200604
2020-09-21,122.95,123.51,119.28,121.35,2024521
2020-09-22,122.79,123.48,120.69,122.63,1606958
2020-09-23,123.17,124.0,119.43,119.94,1595706
2020-09-24,118.64,121.22,118.15,119.16,1810500
2020-09-25,118.56,120.17,117.25,119.83,2039641
2020-09-28,122.46,124.17,121.905,124.0,2143414
2020-09-29,126.1,126.14,123.16,123.29,1626650
2020-09-30,123.87,126.77,123.22,124.81,2005227
2020-10-01,129.63,132.18,128.0,130.99,3429335
2020-10-02,127.17,130.48,126.64,127.39,2130571
2020-10-05,129.48,132.07,129.0,132.0,2269271
2020-10-06,131.7,135.01,130.39,130.9,2187538
2020-10-07,133.33,134.91,133.005,133.6,1838974
2020-10-08,135.07,135.92,134.13,134.83,2208206
2020-10-09,142.4807,145.15,138.8,141.53,5037614
2020-10-12,143.0,143.25,140.41,142.08,2861315
2020-10-13,141.0,141.99,136.58,136.84,2605447
2020-10-14,136.8,138.1,135.835,137.11,2318114
2020-10-15,134.59,137.59,133.69,136.87,1556938
2020-10-16,139.33,139.67,136.96,137.23,1300903
2020-10-19,137.63,138.85,135.53,136.33,1606896
2020-10-20,137.67,137.8,134.89,135.21,1353879
2020-10-21,137.93,138.12,135.27,135.86,1681879
2020-10-22,136.06,136.43,133.32,134.89,1514326
2020-10-23,135.51,137.75,134.3601,137.18,1439669
2020-10-26,135.19,136.1,132.71,134.89,2856133
2020-10-27,136.38,136.57,131.65,133.23,2530490
2020-10-28,130.065,130.91,126.8,129.77,3015698
2020-10-29,128.7858,137.5142,128.7858,136.17,2721746
2020-10-30,133.52,135.79,132.98,135.12,2286285
2020-11-02,137.09,138.335,136.015,137.31,1903499
2020-11-03,137.65,141.49,137.0,138.88,1747443
2020-11-04,141.05,141.49,136.7,139.38,2354748
2020-11-05,142.0,145.24,141.08,144.38,2242444
2020-11-06,144.28,147.47,143.615,146.72,2748176
2020-11-09,149.74,152.48,144.55,144.86,3523968
2020-11-10,142.78,144.49,139.94,140.24,2172299
2020-11-11,143.31,145.94,142.7,145.07,1659792
2020-11-12,146.0,146.59,143.63,144.3,1431866
2020-11-13,146.01,147.58,145.66,146.49,1084984
2020-11-16,149.39,151.22,148.3,149.99,1888311
2020-11-17,150.75,151.55,147.92,149.39,1798108
2020-11-18,149.49,150.61,147.82,148.15,1218392
2020-11-19,148.0,151.83,147.07,151.35,1765687
2020-11-20,151.93,153.03,150.55,150.57,1533167
2020-11-23,152.52,156.35,151.28,155.91,2137117
2020-11-24,158.37,158.62,154.74,158.47,2311156
2020-11-25,159.0,159.28,156.655,157.67,1700284
2020-11-27,158.45,161.84,158.17,158.94,1038581
2020-11-30,159.0,160.92,156.85,158.42,2267996
2020-12-01,160.4,161.77,158.65,159.08,1932789
2020-12-02,159.09,160.83,157.47,160.54,1144955
2020-12-03,161.1131,162.15,158.75,158.79,1576760
2020-12-04,159.62,164.17,159.09,163.99,2248990
2020-12-07,165.61,167.27,164.3,165.09,2213450
2020-12-08,164.92,167.11,163.81,166.37,1329330
2020-12-09,163.96,164.91,155.885,157.32,3678858
2020-12-10,156.5,160.36,156.5,158.27,3002427
2020-12-11,157.5,158.7,154.57,157.1,1442657
2020-12-14,159.67,159.74,155.52,158.46,2075264
2020-12-15,157.26,160.69,156.05,160.06,2499500
2020-12-16,161.14,161.2,156.61,157.28,2195242
2020-12-17,158.48,158.8,156.36,158.06,1686710
2020-12-18,158.07,158.92,154.68,155.51,4232008
2020-12-21,153.18,157.25,152.93,157.03,1529461
2020-12-22,157.13,159.6,155.76,156.38,1489891
2020-12-23,157.94,158.63,156.81,156.86,1571319
2020-12-24,157.72,157.93,156.515,157.33,480480
2020-12-28,159.5,161.8,157.91,158.17,1036752
2020-12-29,158.8,159.525,154.75,155.91,1043352
2020-12-30,157.5,159.74,156.71,159.39,888929
2020-12-31,159.86,160.23,158.61,159.01,839304
2021-01-04,160.33,165.84,158.615,162.04,2931612
2021-01-05,161.53,165.965,161.12,165.67,1980562
2021-01-06,164.61,171.8,164.61,168.72,2686489
2021-01-07,172.09,176.5,171.93,174.99,2485549
2021-01-08,181.375,182.55,171.5,175.03,2827979
2021-01-11,174.39,176.46,171.93,173.21,3001045
2021-01-12,174.29,179.0,173.23,176.08,3110866
2021-01-13,177.99,177.99,176.18,177.42,1750309
2021-01-14,178.62,181.09,178.62,180.0,2617678
2021-01-15,179.64,179.84,168.451,172.22,3598873
2021-01-19,177.31,178.5,174.54,175.0,2522440
2021-01-20,178.86,180.305,173.71,174.49,2590775
2021-01-21,176.64,176.75,171.73,173.62,2187707
2021-01-22,172.57,175.17,171.915,172.3,1974237
2021-01-25,176.69,176.75,171.03,174.42,2006144
2021-01-26,174.42,174.46,168.66,168.75,2231333
2021-01-27,162.72,164.43,156.02,160.56,3714458
2021-01-28,166.525,166.8,162.38,164.33,2484770
2021-01-29,164.15,167.545,159.805,160.47,3535396
2021-02-01,166.44,172.44,166.0951,171.53,4953011
2021-02-02,180.0,183.0,170.7,177.21,6618152
2021-02-03,179.99,181.74,173.11,174.1,3272585
2021-02-04,175.89,181.45,175.15,181.45,2703071
2021-02-05,182.95,184.13,181.06,181.99,3031417
2021-02-08,184.7,188.15,184.0,188.12,2333011
2021-02-09,187.35,188.4,184.47,188.04,1698894
2021-02-10,191.61,191.925,183.39,187.9,2837319
2021-02-11,188.4,194.7566,188.4,194.0,2611688
2021-02-12,193.17,195.89,190.856,194.39,1671733
2021-02-16,199.46,200.19,193.685,195.43,2177964
2021-02-17,192.575,194.9394,187.91,189.69,2384731
2021-02-18,187.5,188.95,183.05,185.88,2774932
2021-02-19,189.41,192.755,188.49,191.59,2193910
2021-02-22,190.8,192.4,184.97,185.61,2402581
2021-02-23,183.87,183.87,175.33,181.08,5191278
2021-02-24,178.0,186.82,176.93,186.21,3161739
2021-02-25,186.51,188.0,178.05,178.52,3353608
2021-02-26,182.04,184.17,177.1248,182.55,2916083
2021-03-01,186.52,187.9,183.32,187.3,4355404
2021-03-02,189.0,189.76,182.06,182.27,2770941
2021-03-03,182.6,184.17,175.53,175.99,2418931
2021-03-04,173.59,176.6766,164.19,167.28,3754462
2021-03-05,174.2284,182.06,166.04,180.9,5076480
2021-03-08,178.82,183.58,170.15,171.0,3168847
2021-03-09,176.13,185.24,175.0,183.82,3687954
2021-03-10,186.04,187.35,180.23,180.43,2240150
2021-03-11,186.69,189.4894,185.03,188.5,3206896
2021-03-12,184.89,186.66,181.79,183.47,2077994
2021-03-15,196.8041,200.0,194.21,199.91,12106497
2021-03-16,201.1,206.21,200.64,202.78,6890131
2021-03-17,199.5616,209.59,199.0,208.34,7321590
2021-03-18,204.15,208.25,197.69,198.59,8299011
2021-03-19,196.35,204.53,193.22,202.04,53102151
2021-03-22,203.11,206.12,196.65,200.4,5876913
2021-03-23,200.11,200.23,189.79,191.62,4748174
2021-03-24,193.2534,194.51,187.25,187.28,2892968
2021-03-25,182.66,192.0,182.28,191.31,3512554
2021-03-26,190.79,199.43,189.07,199.0,3096230
2021-03-29,196.91,197.66,191.88,194.14,2707334
2021-03-30,192.39,198.81,192.2701,197.77,2324541
2021-03-31,200.02,203.2,198.0,201.34,2854055
2021-04-01,205.2684,208.31,204.1406,208.08,2662814
2021-04-05,211.34,216.43,209.63,214.7,2663653
2021-04-06,212.61,214.7,208.66,212.91,2177545
2021-04-07,211.9,213.39,210.26,212.14,1522760
2021-04-08,209.0,210.67,207.09,209.21,3177343
2021-04-09,207.45,209.515,206.04,209.19,1878028
2021-04-12,207.98,208.22,204.87,207.94,1686526
2021-04-13,207.32,207.79,200.72,202.0,3033617
2021-04-14,201.1968,203.33,198.59,199.89,2879118
2021-04-15,202.76,202.76,198.53,201.77,1858183
2021-04-16,201.19,202.08,199.0109,199.38,2187730
2021-04-19,199.37,199.555,191.99,194.76,2686010
2021-04-20,193.86,196.59,192.355,193.86,3197858
2021-04-21,194.16,201.345,192.46,201.13,2747806
2021-04-22,201.24,202.07,195.88,196.25,2380142
2021-04-23,198.09,202.77,197.94,201.56,3211226
2021-04-26,202.4,206.72,202.1,205.02,3238934
2021-04-27,207.78,209.19,202.46,203.4,2790727
2021-04-28,203.89,203.89,198.35,198.65,2191533
2021-04-29,201.2,201.655,196.4,200.76,1982458
2021-04-30,197.27,198.33,191.05,192.51,3704579
2021-05-03,194.75,195.94,190.47,191.84,2245296
2021-05-04,188.5,191.75,185.2,191.09,4444270
2021-05-05,192.02,192.73,188.47,190.41,4243267
2021-05-06,189.42,192.62,186.26,192.52,2785646
2021-05-07,195.0,198.5,193.33,197.92,3321426
2021-05-10,195.3,196.41,188.91,189.03,2850684
2021-05-11,183.42,192.825,182.59,192.54,3037617
2021-05-12,187.79,189.99,181.72,182.78,3820518
2021-05-13,184.85,189.13,184.69,186.44,2586306
2021-05-14,188.8,194.95,188.155,192.27,2953904
2021-05-17,190.26,191.47,187.24,191.18,2244611
2021-05-18,193.07,195.35,191.175,191.25,2288571
2021-05-19,187.16,195.81,186.12,194.94,2749191
2021-05-20,195.59,200.62,195.59,199.67,2641454
2021-05-21,201.13,202.32,199.18,199.84,2237229
2021-05-24,200.7404,205.7,200.7404,204.38,2078638
2021-05-25,206.0,206.635,204.13,204.76,1916588
2021-05-26,204.69,207.86,204.02,206.14,1983290
2021-05-27,206.51,210.41,205.0,210.22,3503847
2021-05-28,210.5,213.29,209.7,211.42,2239041
2021-06-01,212.85,214.3,207.65,207.91,2264873
2021-06-02,207.12,208.56,205.49,207.85,1764834
2021-06-03,205.59,205.77,200.63,200.75,3895075
2021-06-04,201.35,203.25,200.67,202.0,3485632
2021-06-07,202.0,202.0,199.72,201.15,2587813
2021-06-08,203.08,203.08,197.5,198.25,3322628
2021-06-09,198.71,199.6,196.52,197.38,1939020
2021-06-10,198.0,202.66,197.7,201.05,2371541
2021-06-11,201.01,202.4139,199.43,201.13,1811078
2021-06-14,201.55,204.47,199.08,203.57,2099760
2021-06-15,202.79,204.9645,201.86,202.99,2071361
2021-06-16,204.0,204.44,197.41,200.26,2006368
2021-06-17,199.77,201.18,195.29,198.43,1781262
2021-06-18,195.62,197.02,192.71,193.1,4796644
2021-06-21,194.35,198.68,193.492,198.46,2312304
2021-06-22,197.71,198.71,195.72,197.4,1645993
2021-06-23,196.0941,199.87,195.9363,199.15,1672159
2021-06-24,200.99,205.11,200.39,203.83,2570373
2021-06-25,204.47,206.4,202.44,204.17,13139833
2021-06-28,205.85,206.77,203.46,206.18,1931315
2021-06-29,205.68,207.95,204.91,207.7,1802303
2021-06-30,207.58,207.67,203.63,205.72,2168235
2021-07-01,205.54,205.71,201.27,201.86,1551643
2021-07-02,203.19,203.94,200.94,202.73,1197251
2021-07-06,202.73,203.92,199.85,201.74,2135924
2021-07-07,203.0,203.47,197.785,198.35,2079248
2021-07-08,194.22,197.13,191.75,195.99,1930507
2021-07-09,196.1,201.25,194.805,200.35,1384639
2021-07-12,202.4,204.49,200.72,204.41,2090411
2021-07-13,203.71,204.83,202.885,204.0,1708456
2021-07-14,206.56,208.75,202.56,203.55,1612932
2021-07-15,197.25,199.565,192.81,194.41,3958025
2021-07-16,195.39,197.27,189.54,190.11,2342466
2021-07-19,187.56,189.37,184.92,188.62,2592730
2021-07-20,189.09,195.02,187.84,193.31,1797142
2021-07-21,193.0,198.68,193.0,198.62,1890946
2021-07-22,196.84,196.84,192.25,194.31,1926367
2021-07-23,195.69,196.94,193.79,196.35,1933382
2021-07-26,196.0,198.72,195.73,198.16,1535792
2021-07-27,196.53,197.0,190.65,194.25,2024750
2021-07-28,195.16,200.1,195.16,198.58,1752904
2021-07-29,201.765,204.825,201.02,204.27,1666411
2021-07-30,202.34,206.67,202.02,206.39,1635734
2021-08-02,210.195,215.89,208.56,208.98,3383940
2021-08-03,210.1,210.99,203.04,210.53,2082363
2021-08-04,211.13,214.34,209.64,212.43,1818050
2021-08-05,213.32,214.88,211.11,212.9,1778006
2021-08-06,211.69,214.32,211.69,213.75,1259830
2021-08-09,215.12,218.16,212.92,217.11,2147325
2021-08-10,216.71,218.03,214.19,217.26,1564729
2021-08-11,217.67,218.84,214.01,218.42,1475465
2021-08-12,216.45,217.23,213.38,214.53,2399837
2021-08-13,214.14,216.82,213.515,215.26,1421420
2021-08-16,212.98,214.6,211.98,213.18,1543381
2021-08-17,211.28,211.77,204.6,206.5,2280923
2021-08-18,206.5,208.07,203.6,203.82,1536738
2021-08-19,200.75,203.42,199.61,203.02,2372224
2021-08-20,202.7,205.23,202.35,205.0,1325109
2021-08-23,206.34,211.31,206.34,210.63,1739300
2021-08-24,212.275,215.06,211.825,214.52,1688089
2021-08-25,216.0,219.08,215.29,217.79,1909335
2021-08-26,217.24,223.38,215.63,222.24,2331314
2021-08-27,222.77,226.88,221.99,226.51,1746227
2021-08-30,227.34,228.72,225.55,227.64,1150568
2021-08-31,222.25,222.25,209.8,215.13,5156665
2021-09-01,215.445,215.86,211.45,211.5,2551875
2021-09-02,212.92,213.225,210.705,211.91,1856214
2021-09-03,213.09,215.38,212.3,212.99,1813864
2021-09-07,213.45,213.49,211.36,212.86,1822880
2021-09-08,211.94,212.74,207.25,208.12,1740924
2021-09-09,209.83,211.914,209.0,210.46,2448040
2021-09-10,212.94,216.5,212.0,212.12,1835643
2021-09-13,214.43,216.26,211.68,214.77,1416557
2021-09-14,216.11,216.3236,211.15,211.48,1405483
2021-09-15,212.67,212.7,209.9672,212.34,1414786
2021-09-16,211.0293,213.71,208.785,213.03,1502921
2021-09-17,211.63,212.19,207.91,209.33,4877768
2021-09-20,204.91,205.0,198.94,202.78,2959538
2021-09-21,204.66,207.77,203.01,206.06,1524286
2021-09-22,207.8052,213.27,207.11,213.08,1734668
2021-09-23,214.15,218.08,213.01,216.35,1430769
2021-09-24,215.01,218.02,214.03,216.67,1096875
2021-09-27,214.2,218.14,212.72,216.69,1069800
2021-09-28,212.65,214.0,205.95,206.19,2201949
2021-09-29,202.91,203.79,197.86,198.75,1976559
2021-09-30,200.57,201.49,195.71,195.87,2344655
2021-10-01,196.33,197.28,191.0,192.89,3381558
2021-10-04,193.71,193.94,187.91,188.95,2551739
2021-10-05,190.69,193.59,188.68,191.63,2246386
2021-10-06,188.67,191.94,188.41,190.9,1847474
2021-10-07,193.51,197.37,193.51,193.85,1514519
2021-10-08,194.51,194.67,189.99,190.31,1394358
2021-10-11,189.34,191.16,185.735,185.94,2144042
2021-10-12,187.15,187.745,182.335,183.19,3021017
2021-10-13,184.42,186.22,182.41,183.1,2767065
2021-10-14,187.0,189.94,186.76,189.1,2682375
2021-10-15,190.39,191.73,189.1,189.81,1772478
2021-10-18,188.21,192.32,187.15,192.26,2028233
2021-10-19,192.83,197.13,191.52,196.95,2100596
2021-10-20,196.56,199.79,194.79,197.52,2100397
2021-10-21,196.3,201.52,196.0,201.25,1688657
2021-10-22,201.58,203.43,199.88,199.93,1829466
2021-10-25,200.66,202.13,199.775,200.29,1390539
2021-10-26,201.08,201.1625,193.77,196.15,2706811
2021-10-27,193.72,195.18,190.84,192.41,2882646
2021-10-28,194.34,200.13,194.14,199.9,1931000
2021-10-29,197.74,201.81,197.215,200.86,1604843
2021-11-01,202.62,206.58,202.01,205.13,3269917
2021-11-02,205.52,208.47,203.18,206.56,2979474
2021-11-03,207.49,217.13,206.72,215.78,3378886
2021-11-04,215.99,219.43,215.0,219.26,2326381
2021-11-05,220.0,224.79,219.945,224.25,2835945
2021-11-08,223.6629,227.5,221.26,223.08,3829726
2021-11-09,223.24,223.38,218.34,221.05,1621606
2021-11-10,218.46,220.185,212.77,214.22,2262187
2021-11-11,223.26,223.34,214.15,219.1,4639660
2021-11-12,219.58,220.54,214.41,217.82,2827405
2021-11-15,221.0,221.0,215.19,215.68,2003327
2021-11-16,215.2,219.97,214.4,219.26,1497233
2021-11-17,219.26,219.26,215.67,217.81,1376544
2021-11-18,218.76,220.67,216.36,220.58,2495127
2021-11-19,220.58,221.81,219.64,221.26,2124255
2021-11-22,222.31,225.6615,219.44,221.87,2846054
2021-11-23,221.41,224.09,215.57,219.12,2070018
2021-11-24,216.6,221.22,214.32,221.03,1631247
2021-11-26,213.12,217.56,210.25,212.45,1776506
2021-11-29,216.75,224.26,215.1,223.94,2412931
2021-11-30,222.7,227.815,218.3,223.36,5141720
2021-12-01,227.34,234.6799,222.71,223.0,3223503
2021-12-02,220.27,225.9,218.18,222.73,1934818
2021-12-03,225.0,228.455,221.56,227.12,2743793
2021-12-06,227.8,228.309,217.43,224.28,2223768
2021-12-07,228.99,239.91,228.0,238.9,2934410
2021-12-08,229.01,229.8,221.09,228.09,3880058
2021-12-09,225.35,228.56,224.75,225.16,1990848
2021-12-10,228.56,228.88,223.03,226.46,1751518
2021-12-13,228.3776,228.3776,220.06,221.79,1966590
2021-12-14,218.91,221.63,216.75,219.99,1687336
2021-12-15,221.34,229.62,218.775,229.38,2565658
2021-12-16,228.84,229.31,217.65,217.95,3223834
2021-12-17,216.235,222.54,214.45,218.71,4671428
2021-12-20,215.49,219.685,214.6101,217.65,1336333
2021-12-21,221.55,224.7,219.05,224.37,1603774
2021-12-22,223.05,226.88,221.71,226.76,1057962
2021-12-23,226.76,229.185,226.26,227.35,920491
2021-12-27,228.65,232.85,227.6,232.78,1235993
2021-12-28,233.81,234.42,228.58,231.02,1362273
2021-12-29,230.39,233.37,229.9,230.52,1116978
2021-12-30,230.53,232.6,228.3,228.6,886359
2021-12-31,229.15,231.5,227.35,227.78,986310
2022-01-03,228.39,233.37,228.07,231.22,1519604
2022-01-04,232.41,234.9,225.455,232.87,1964983
2022-01-05,231.75,234.28,224.26,224.57,1963533
2022-01-06,225.5,228.76,224.11,226.96,1957799
2022-01-07,228.0,229.99,219.88,221.33,1760182
2022-01-10,220.05,222.14,214.7,221.83,1926494
2022-01-11,222.67,227.75,220.755,227.54,1712225
2022-01-12,229.06,231.4,225.86,229.02,1262999
2022-01-13,231.99,232.36,220.6,221.86,2910990
2022-01-14,218.71,225.39,218.07,225.29,1722896
2022-01-18,220.0,221.165,216.7425,217.42,2330016
2022-01-19,217.94,220.45,210.78,210.95,1876696
2022-01-20,208.0,211.77,199.41,199.61,2885044
2022-01-21,197.33,207.73,196.8,199.95,3812039
2022-01-24,195.83,203.47,188.07,203.07,3739096
2022-01-25,197.2,199.875,193.39,194.77,3855581
2022-01-26,200.45,205.25,193.54,196.96,3470576
2022-01-27,200.8738,201.02,186.39,187.96,3786899
2022-01-28,186.48,189.53,180.12,189.45,4949076
2022-01-31,190.39,205.9,190.0,205.44,5679858
2022-02-01,208.99,210.99,200.01,208.2,4066217
2022-02-02,209.63,211.8336,205.6849,210.35,2863864
2022-02-03,206.72,208.7999,197.8,198.34,4263591
2022-02-04,196.97,200.11,190.79,198.12,3205417
2022-02-07,198.4,201.91,196.06,196.92,2169490
2022-02-08,197.29,203.32,196.085,202.53,2306046
2022-02-09,205.49,210.0,200.5,209.76,3113012
2022-02-10,204.36,209.62,198.13,199.05,2466782
2022-02-11,200.01,200.97,185.18,186.74,3738556
2022-02-14,187.84,191.67,183.97,185.88,2040009
2022-02-15,190.5,196.9,189.21,196.62,2810008
2022-02-16,195.45,200.64,193.0,199.66,1969413
2022-02-17,196.4,197.45,187.39,187.61,2763054
2022-02-18,188.77,190.14,185.19,187.09,2691821
2022-02-22,185.18,191.605,183.91,187.24,2355338
2022-02-23,190.48,194.6,185.03,185.15,2612345
2022-02-24,179.12,191.73,178.305,191.42,3208633
2022-02-25,190.49,194.32,185.58,194.2,2058741
2022-02-28,191.43,192.73,186.73,190.12,2741126
2022-03-01,189.61,189.985,179.23,181.18,2997848
2022-03-02,183.02,190.47,182.63,188.35,3191781
2022-03-03,189.42,189.92,184.05,184.7,2591638
2022-03-04,182.48,183.23,174.1612,176.45,3190789
2022-03-07,177.785,179.1,169.55,169.72,2992458
2022-03-08,170.62,185.44,168.74,176.9,4006618
2022-03-09,183.0,186.27,182.2,183.35,3108923
2022-03-10,179.24,181.32,175.82,180.5,1899207
2022-03-11,183.98,185.27,178.16,178.56,2176907
2022-03-14,178.38,179.64,170.22,171.71,2515948
2022-03-15,172.86,179.03,172.71,178.44,2183095
2022-03-16,181.37,188.42,178.18,188.32,2846085
2022-03-17,187.03,190.32,185.14,189.77,1488967
2022-03-18,187.51,192.85,184.68,192.42,3112693
2022-03-21,190.87,193.23,186.53,190.51,1885834
2022-03-22,189.95,192.19,187.51,187.75,2789004
2022-03-23,185.05,188.54,183.44,183.59,1865360
2022-03-24,188.2,191.38,184.25,191.08,2320544
2022-03-25,191.58,191.84,186.4,190.46,1768217
2022-03-28,188.38,190.11,183.99,189.42,2490428
2022-03-29,193.38,196.352,190.72,194.74,2083094
2022-03-30,192.76,194.39,186.2301,187.33,1922403
2022-03-31,188.45,189.28,184.76,185.08,2627237
2022-04-01,187.12,187.12,179.15,182.02,2417287
2022-04-04,181.72,184.75,180.68,182.61,1844316
2022-04-05,180.4,181.18,172.78,175.07,4213375
2022-04-06,170.845,177.25,169.78,174.02,3754899
2022-04-07,172.51,175.56,169.44,172.92,2016251
2022-04-08,170.52,170.72,165.26,167.5,5746516
2022-04-11,165.43,168.1568,164.75,165.52,3346946
2022-04-12,169.83,170.47,165.08,166.23,3138920
2022-04-13,167.51,171.355,165.63,171.03,2922829
2022-04-14,171.26,172.51,168.79,170.0,2698294
2022-04-18,169.7,176.73,169.15,173.25,2138362
2022-04-19,170.225,179.28,170.225,178.65,2979308
2022-04-20,180.67,185.28,178.37,178.79,2672864
2022-04-21,181.26,183.22,174.36,174.85,2346331
2022-04-22,174.76,175.33,170.015,170.75,2165393
2022-04-25,169.96,173.5,169.01,172.84,2781896
2022-04-26,169.98,170.96,167.36,167.75,3351856
2022-04-27,166.645,172.41,165.67,170.76,3341974
2022-04-28,172.06,179.43,170.31,177.25,3107041
2022-04-29,174.47,178.11,170.64,170.9,2892924
2022-05-02,172.26,177.62,170.255,177.0,2776166
2022-05-03,173.76,179.35,171.975,178.07,3271720
2022-05-04,180.66,186.02,173.6,185.92,3166217
2022-05-05,180.64,182.42,175.78,178.37,3974007
2022-05-06,177.0,182.27,173.73,177.58,2457386
2022-05-09,174.93,176.79,171.85,172.9,3700082
2022-05-10,178.03,181.7899,172.62,178.44,3438552
2022-05-11,175.93,178.61,170.55,170.87,3660038
2022-05-12,169.91,175.08,168.7,173.66,2557011
2022-05-13,176.9,183.1,175.61,181.99,2878007
2022-05-16,180.05,181.15,176.49,176.99,1949982
2022-05-17,182.04,185.87,181.13,185.64,2909627
2022-05-18,182.5784,185.31,174.44,175.39,2654341
2022-05-19,175.07,179.99,173.495,175.79,1672858
2022-05-20,178.75,180.55,173.725,180.11,2744256
2022-05-23,180.44,182.06,176.74,180.69,1891669
2022-05-24,178.11,180.445,175.615,179.12,2200475
2022-05-25,176.88,185.59,176.63,184.63,2294109
2022-05-26,184.93,193.45,183.9,192.63,2883449
2022-05-27,194.07,198.28,194.07,195.93,3266403
2022-05-31,194.98,195.5,188.31,189.76,5124631
2022-06-01,191.08,191.19,181.92,184.57,2552850
2022-06-02,184.77,187.97,183.35,187.94,2443203
2022-06-03,184.84,185.14,181.26,182.37,2310959
2022-06-06,183.99,184.5579,177.125,180.01,3169105
2022-06-07,178.31,182.48,176.1,181.83,2372787
2022-06-08,181.47,181.595,175.56,177.07,2409901
2022-06-09,176.53,194.71,176.38,184.22,10137529
2022-06-10,179.73,182.97,178.07,178.57,3614627
2022-06-13,173.52,176.92,167.77,168.52,3899423
2022-06-14,168.65,171.11,166.22,168.29,1892444
2022-06-15,170.71,172.155,165.1,168.94,2355609
2022-06-16,164.16,164.75,156.1,158.32,3994223
2022-06-17,159.37,160.7,156.55,157.83,4907509
2022-06-21,162.1,162.56,158.32,159.09,2655406
2022-06-22,156.05,159.71,155.72,156.95,2604261
2022-06-23,157.87,157.9399,151.315,153.51,3186075
2022-06-24,155.99,160.55,155.48,159.32,14800220
2022-06-27,161.36,161.36,157.65,158.86,2502636
2022-06-28,160.3,164.42,153.81,154.22,3229102
2022-06-29,152.88,153.75,146.975,150.02,3124815
2022-06-30,147.27,149.62,145.31,148.03,4467513
2022-07-01,146.67,149.525,143.34,146.09,2531291
2022-07-05,141.93,146.0,140.33,145.91,3164976
2022-07-06,145.83,147.87,143.7,145.75,2264355
2022-07-07,149.04,152.9,147.97,152.02,2362028
2022-07-08,150.8,154.88,150.05,154.28,1721879
2022-07-11,152.18,154.54,150.88,151.96,2093484
2022-07-12,152.85,154.8,151.09,152.24,1864697
2022-07-13,149.62,155.83,149.25,155.01,2439797
2022-07-14,154.75,160.215,153.0,159.82,2337141
2022-07-15,161.2,165.09,160.09,163.98,2681723
2022-07-18,165.92,165.92,160.8,161.92,1985738
2022-07-19,164.12,170.81,164.12,170.43,2174482
2022-07-20,169.45,177.48,168.28,176.48,2410453
2022-07-21,177.9,180.14,175.01,179.95,2215814
2022-07-22,180.0,180.0,172.7,175.14,2413884
2022-07-25,174.79,175.35,171.87,174.13,3663107
2022-07-26,177.46,177.88,174.01,174.46,3852550
2022-07-27,177.59,182.64,177.42,181.42,3222993
2022-07-28,182.33,183.83,178.11,183.12,2275201
2022-07-29,182.86,185.27,181.15,183.88,2527679
2022-08-01,182.82,186.69,182.09,184.5,1928505
2022-08-02,183.74,183.8,179.665,180.47,2645450
2022-08-03,181.25,186.18,180.9,185.55,2187863
2022-08-04,184.83,185.195,182.49,184.26,1627754
2022-08-05,181.28,182.96,177.63,181.66,2240887
2022-08-08,180.61,182.665,177.29,179.96,1660359
2022-08-09,176.43,177.39,169.34,171.04,3130604
2022-08-10,175.41,180.26,172.44,179.97,2726208
2022-08-11,181.33,184.69,179.74,180.38,1488677
2022-08-12,181.8,187.57,181.315,187.47,2086006
2022-08-15,186.0,189.13,184.41,187.57,1284500
2022-08-16,186.77,187.555,184.76,185.85,1297556
2022-08-17,183.14,183.14,177.39,180.22,1681045
2022-08-18,180.63,184.98,179.893,182.76,1610089
2022-08-19,180.94,183.17,179.28,180.33,1619975
2022-08-22,177.07,178.18,172.1,172.52,2154992
2022-08-23,172.15,176.81,172.15,173.94,1043714
2022-08-24,174.26,174.26,170.36,173.01,1237991
2022-08-25,173.35,179.2,173.33,179.02,1542840
2022-08-26,178.04,178.662,167.82,168.12,2380674
2022-08-29,166.66,168.575,165.5,165.88,1240460
2022-08-30,167.57,168.68,163.355,165.72,1967256
2022-08-31,166.07,167.12,163.23,164.58,2205458
2022-09-01,161.85,164.64,158.91,164.4,2188639
2022-09-02,166.86,168.21,161.34,162.39,1696477
2022-09-06,161.86,163.16,159.01,160.75,2031868
2022-09-07,160.51,165.33,160.3635,163.32,1689270
2022-09-08,161.97,166.89,160.7,165.45,1498603
2022-09-09,166.57,168.87,165.66,168.14,2098026
2022-09-12,169.55,169.9,167.0,169.07,1280186
2022-09-13,162.05,163.4,155.0,155.46,3863230
2022-09-14,154.62,160.43,154.15,159.45,2807116
2022-09-15,159.06,161.9899,156.83,159.68,2340267
2022-09-16,158.56,160.675,156.855,159.94,2506530
2022-09-19,158.27,163.38,157.81,163.1,1582357
2022-09-20,160.35,162.55,159.505,160.9,1358006
2022-09-21,161.85,166.71,159.13,159.17,1528456
2022-09-22,158.92,159.9,154.16,155.13,2088120
2022-09-23,152.73,153.37,148.42,152.94,2680335
2022-09-26,153.05,154.9631,151.24,151.95,2167962
2022-09-27,154.41,156.5,150.75,153.51,1741513
2022-09-28,152.95,157.1,152.27,156.44,2103774
2022-09-29,153.96,155.04,146.95,151.01,2841081
2022-09-30,149.75,152.79,147.43,147.51,2112798
2022-10-03,149.52,153.9,147.8,151.96,2415512
2022-10-04,156.48,159.96,155.49,159.89,2392218
2022-10-05,156.83,162.35,155.13,161.24,1904454
2022-10-06,161.26,163.785,158.87,158.99,1559992
2022-10-07,154.87,154.87,150.3622,151.75,2753027
2022-10-10,151.74,151.96,146.08,147.5,1812098
2022-10-11,145.0,145.775,141.5622,143.75,3004364
2022-10-12,142.55,143.79,140.13,140.28,2066889
2022-10-13,134.19,145.24,132.08,143.17,3307402
2022-10-14,144.9,145.54,137.08,138.09,2893033
2022-10-17,141.81,143.165,139.5,141.27,1972101
2022-10-18,143.44,146.4754,137.73,140.95,2218572
2022-10-19,140.37,143.975,139.83,141.32,2160432
2022-10-20,142.08,143.74,138.575,139.04,2895772
2022-10-21,138.71,145.59,137.51,145.25,2496459
2022-10-24,144.01,145.77,140.45,144.94,1921732
2022-10-25,145.44,148.79,144.81,148.74,2831861
2022-10-26,146.69,152.64,144.14,147.28,2023382
2022-10-27,149.33,151.86,144.86,145.12,2197887
2022-10-28,145.96,152.19,145.0,151.66,2552031
2022-10-31,149.77,150.58,145.54,146.08,3307191
2022-11-01,150.48,153.85,147.8,151.85,4306559
2022-11-02,151.95,158.5,148.41,148.61,2977969
2022-11-03,146.39,146.39,142.755,144.85,2373323
2022-11-04,149.9,151.84,146.93,151.06,2385672
2022-11-07,152.7,158.22,151.31,157.9,2451175
2022-11-08,161.41,165.1,159.77,163.11,2659159
2022-11-09,159.94,161.03,154.63,154.72,2780129
2022-11-10,163.98,165.81,161.67,165.47,4487685
2022-11-11,166.52,171.0,163.54,169.94,2515251
2022-11-14,168.04,172.655,168.04,169.01,1823402
2022-11-15,175.22,176.66,171.89,174.81,2335636
2022-11-16,171.54,172.855,165.48,166.88,2204373
2022-11-17,162.56,170.4,162.56,170.09,1460548
2022-11-18,172.82,172.83,169.22,171.94,1533725
2022-11-21,170.44,171.275,168.12,168.85,1271227
2022-11-22,169.75,173.43,168.0,173.41,1695549
2022-11-23,174.09,179.03,173.275,175.2,1586522
2022-11-25,174.97,175.52,172.69,172.69,735363
2022-11-28,169.05,170.86,163.38,164.1,2758037
2022-11-29,164.68,166.26,162.79,164.69,1347265
2022-11-30,165.07,176.66,162.61,175.84,3654139
2022-12-01,177.55,178.07,173.13,173.44,2083001
2022-12-02,169.17,171.2,167.32,171.06,1619959
2022-12-05,169.81,170.3,166.535,168.37,1208132
2022-12-06,166.66,167.8685,161.14,163.08,1903991
2022-12-07,161.45,164.305,160.0,163.95,1427249
2022-12-08,164.65,171.87,163.53,171.47,2520290
2022-12-09,169.71,172.87,168.395,169.72,1961974
2022-12-12,169.89,173.28,169.1006,173.07,2048360
2022-12-13,180.575,180.575,171.29,174.31,3081347
2022-12-14,173.23,175.36,169.0,171.57,1968677
2022-12-15,168.26,169.645,164.59,165.16,2570271
2022-12-16,164.35,165.425,161.66,163.72,3696450
2022-12-19,164.29,164.33,158.53,160.27,1418231
2022-12-20,157.99,161.22,157.055,159.51,1101408
2022-12-21,160.87,163.84,160.01,163.43,1737528
2022-12-22,159.86,161.0098,153.96,157.51,2759052
2022-12-23,156.21,157.82,154.2001,157.67,1212321
2022-12-27,155.55,155.56,153.24,153.78,1374931
2022-12-28,152.9,154.845,150.9,151.7,1433409
2022-12-29,154.84,159.6967,153.488,158.12,2016648
2022-12-30,155.53,158.18,154.07,158.03,1020995
2023-01-03,159.78,160.45,153.11,155.05,1900282
2023-01-04,158.28,160.36,156.1,157.96,1678419
2023-01-05,156.1,157.26,153.1,153.51,1692408
2023-01-06,155.85,160.17,153.89,159.63,2063253
2023-01-09,162.29,164.45,160.04,160.97,1834371
2023-01-10,163.55,166.25,161.98,166.07,2219656
2023-01-11,166.66,168.88,165.225,168.73,2019224
2023-01-12,170.09,171.87,167.385,170.21,1704966
2023-01-13,168.62,171.95,168.22,171.82,2006431
2023-01-17,170.71,170.775,167.79,170.33,1991041
2023-01-18,172.42,175.3,170.54,170.68,1565766
2023-01-19,168.8,169.26,164.86,165.0,2163258
2023-01-20,166.55,168.675,164.26,168.5,2322322
2023-01-23,169.23,175.75,168.51,173.03,3386371
2023-01-24,170.95,174.2563,169.49,173.17,1627040
2023-01-25,170.84,174.38,168.975,174.1,1328505
2023-01-26,176.62,180.2,174.73,180.02,2996396
2023-01-27,177.49,182.94,177.09,181.54,2078897
2023-01-30,179.34,182.74,178.84,179.48,3948765
2023-01-31,182.39,185.15,178.0001,184.31,4265189
2023-02-01,184.07,196.3,183.805,193.94,4468428
2023-02-02,195.47,197.71,192.83,196.16,2815928
2023-02-03,192.19,195.45,190.76,190.95,2654712
2023-02-06,187.91,190.3,186.09,187.37,2060027
2023-02-07,188.24,194.55,188.0,193.24,2270233
2023-02-08,191.16,192.1525,187.32,187.95,1935669
2023-02-09,191.19,194.06,189.02,189.85,2010608
2023-02-10,187.89,188.18,185.19,186.47,1459748
2023-02-13,186.98,189.245,185.46,188.38,1677751
2023-02-14,186.81,190.45,185.45,189.79,1864652
2023-02-15,188.17,193.55,188.17,193.29,1482392
2023-02-16,190.4,193.81,190.4,191.23,2173510
2023-02-17,190.71,191.72,186.61,188.46,2206496
2023-02-21,185.48,187.19,181.09,181.41,2073942
2023-02-22,180.9,181.99,176.73,177.69,2205976
2023-02-23,181.28,181.82,177.11,180.99,2013433
2023-02-24,177.76,178.06,175.37,176.86,1791531
2023-02-27,180.21,180.58,177.43,177.74,1165929
2023-02-28,177.56,180.72,176.545,178.48,1227698
2023-03-01,179.27,180.63,177.55,178.87,900323
2023-03-02,176.18,181.23,174.17,180.63,1171488
2023-03-03,181.38,183.18,178.785,182.96,1285904
2023-03-06,184.01,184.665,178.87,179.94,1088676
2023-03-07,180.41,180.81,176.155,177.4,1330949
2023-03-08,178.38,182.65,178.38,182.51,2072401
2023-03-09,182.91,185.31,178.67,179.83,1961599
2023-03-10,181.92,181.97,174.505,175.05,2263023
2023-03-13,173.02,177.82,171.38,174.93,2225238
2023-03-14,177.28,179.26,175.59,178.82,2104757
2023-03-15,176.34,177.17,171.55,174.6,2497535
2023-03-16,173.11,180.16,172.16,179.49,1886828
2023-03-17,179.54,180.2,176.195,177.29,2933577
2023-03-20,177.56,181.14,176.57,180.55,1127833
2023-03-21,182.24,183.82,178.0,180.46,1531813
2023-03-22,180.14,183.26,176.48,176.62,1858231
2023-03-23,178.64,184.495,178.09,182.04,2225322
2023-03-24,181.45,181.8,174.7,176.55,2280888
2023-03-27,176.92,178.89,173.47,174.2,2162862
2023-03-28,173.93,173.93,169.9075,173.21,2318017
2023-03-29,176.9,179.71,174.61,179.0,2398661
2023-03-30,181.4,184.14,180.59,181.62,2075885
2023-03-31,180.71,186.82,180.36,186.475,2081239
2023-04-03,185.53,186.0,180.34,181.98,1623854
2023-04-04,182.5,182.5128,175.715,176.12,1644420
2023-04-05,174.41,174.99,171.33,173.02,2191085
2023-04-06,172.1,172.77,169.98,170.1,1930707
2023-04-10,168.82,172.52,168.05,172.41,1746474
2023-04-11,174.42,175.0,171.65,171.88,1589043
2023-04-12,173.31,174.325,169.78,170.22,1726789
2023-04-13,170.37,173.11,169.51,171.92,1648251
2023-04-14,172.14,174.77,170.5,172.35,1492367
2023-04-17,170.85,174.73,170.85,174.51,1215097
2023-04-18,176.42,177.48,174.55,175.78,1369327
2023-04-19,173.52,174.58,172.45,172.79,1196078
2023-04-20,166.45,172.41,163.24,169.62,2490790
2023-04-21,169.0,170.13,165.54,169.82,1827519
2023-04-24,169.82,170.74,168.46,169.89,1066492
2023-04-25,168.78,168.78,162.31,164.5,2611727
2023-04-26,165.04,167.04,163.46,165.35,1923763
2023-04-27,160.0,161.86,155.31,161.19,4130673
2023-04-28,161.0,163.82,159.525,163.74,2969641
2023-05-01,164.23,166.45,163.73,166.01,4321949
2023-05-02,173.34,176.88,168.76,171.51,5403173
2023-05-03,172.25,172.52,166.9421,167.56,2363365
2023-05-04,166.98,167.345,162.75,163.79,2363647
2023-05-05,164.74,167.44,162.3,166.82,2405284
2023-05-08,166.93,168.345,165.47,168.05,1306531
2023-05-09,165.4,165.83,163.27,165.09,1963040
2023-05-10,167.55,168.2041,164.73,165.2,1490352
2023-05-11,163.9,166.16,161.23,163.35,1471000
2023-05-12,164.33,165.25,162.38,164.55,1020622
2023-05-15,164.55,168.17,164.04,167.93,1448256
2023-05-16,167.21,168.64,165.78,165.89,1279079
2023-05-17,167.8,171.73,167.44,171.25,2081165
2023-05-18,172.88,175.865,172.14,175.64,2910636
2023-05-19,176.71,177.0,174.1194,174.96,1987957
2023-05-22,174.2,178.07,173.54,177.37,1485441
2023-05-23,176.32,177.37,174.2423,175.06,1832889
2023-05-24,171.31,171.67,165.39,166.52,3235192
2023-05-25,165.01,171.88,163.26,171.34,2833329
2023-05-26,173.96,182.58,173.36,181.18,3605823
2023-05-30,185.0,186.58,180.44,182.07,2217362
2023-05-31,180.69,182.07,177.8865,179.1,5286119
2023-06-01,180.18,182.96,176.86,181.0,2388915
2023-06-02,183.24,183.99,178.673,181.6,1547493
2023-06-05,181.83,181.99,175.31,176.56,1894656
2023-06-06,175.46,181.865,174.66,181.26,1688084
2023-06-07,182.5,189.915,182.19,186.45,2225684
2023-06-08,187.24,188.815,186.23,187.46,1622027
2023-06-09,189.1,190.18,184.265,185.0,2013015
2023-06-12,187.0,189.715,185.12,189.35,2831538
2023-06-13,190.2,197.805,190.01,196.44,3564400
2023-06-14,195.94,199.55,194.1,195.69,3289576
2023-06-15,192.92,197.06,192.43,195.75,2454713
2023-06-16,198.2,199.18,195.491,197.85,4520127
2023-06-20,195.31,197.905,193.27,195.4,2022098
2023-06-21,194.24,195.82,192.74,193.28,2077165
2023-06-22,191.4,195.58,190.51,194.65,1473379
2023-06-23,190.5,191.93,188.5,188.69,1886482
2023-06-26,189.99,195.26,189.53,192.2,1438650
2023-06-27,192.0,200.5,190.76,200.32,2192475
2023-06-28,196.9,199.82,196.4,197.56,1511619
2023-06-29,197.54,200.485,195.125,199.76,1613341
2023-06-30,202.9,205.98,200.95,204.68,2521509
2023-07-03,205.54,208.63,203.6,207.13,1089166
2023-07-05,205.0,206.69,202.6,203.67,2368434
2023-07-06,200.48,204.64,200.03,204.37,2721574
2023-07-07,203.53,207.66,203.53,204.06,1847778
2023-07-10,206.15,211.07,205.86,210.42,3146361
2023-07-11,210.8,211.49,207.87,210.95,1588383
2023-07-12,214.25,214.795,210.6,211.86,2568103
2023-07-13,212.52,216.83,212.39,216.52,2061310
2023-07-14,215.7,216.68,211.36,212.54,1971232
2023-07-17,212.54,221.25,211.955,219.62,2475412
2023-07-18,218.86,224.4,218.38,223.66,2130781
2023-07-19,223.07,224.32,220.19,220.28,2207591
2023-07-20,216.78,218.605,210.4,211.95,3362010
2023-07-21,214.15,216.33,213.16,213.3,5324210
2023-07-24,212.97,214.56,210.12,210.88,5006577
2023-07-25,219.0,222.16,216.48,219.89,3839163
2023-07-26,217.98,220.5696,215.7,218.48,2204171
2023-07-27,223.23,225.57,219.12,221.79,3403462
2023-07-28,225.31,225.4422,220.63,223.31,1994430
2023-07-31,223.4,225.2,222.06,222.98,1495257
2023-08-01,221.41,224.32,221.0,223.48,1308968
2023-08-02,220.08,220.35,215.94,216.4,3373040
2023-08-03,213.03,217.74,211.7801,215.95,2491787
2023-08-04,210.39,215.64,209.415,213.7,2888608
2023-08-07,216.0,218.92,214.01,218.73,1524237
2023-08-08,215.0,217.5,213.26,216.89,1862403
2023-08-09,217.38,218.68,214.13,214.37,2069373
2023-08-10,217.7,218.61,210.97,211.98,1750622
2023-08-11,209.22,209.22,202.91,204.2,2703852
2023-08-14,203.1,207.35,202.56,207.25,1757295
2023-08-15,205.07,205.48,200.8542,201.74,1944014
2023-08-16,202.42,202.96,195.79,196.74,2400515
2023-08-17,197.81,198.25,193.61,194.53,1970158
2023-08-18,192.55,197.79,192.4,196.57,1989335
2023-08-21,196.57,202.545,196.57,201.62,1946296
2023-08-22,203.75,204.29,198.56,199.66,1428475
2023-08-23,193.5,202.28,193.5,201.1,2256825
2023-08-24,203.27,203.29,193.23,193.82,2888125
2023-08-25,194.81,196.89,193.09,196.2,2358954
2023-08-28,197.51,200.81,197.51,199.23,1456638
2023-08-29,197.25,205.96,197.25,205.16,1683639
2023-08-30,204.95,206.29,202.37,205.88,1962387
2023-08-31,205.27,207.8,203.3949,205.72,3461044
2023-09-01,207.42,210.16,205.32,209.96,1583547
2023-09-05,208.87,210.57,207.33,207.57,1443607
2023-09-06,207.14,209.94,205.48,207.79,1582922
2023-09-07,203.79,205.27,202.1101,204.01,1847186
2023-09-08,204.01,205.5,201.91,203.05,1220364
2023-09-11,204.86,205.1,200.74,203.5,1101818
2023-09-12,200.83,204.21,199.32,199.5,1301745
2023-09-13,199.15,204.265,199.15,200.4,1897679
2023-09-14,202.54,203.42,198.915,202.69,1293857
2023-09-15,201.83,202.39,196.335,197.38,4382017
2023-09-18,196.86,199.79,196.52,199.29,1483846
2023-09-19,198.71,199.58,196.37,199.14,1307834
2023-09-20,200.39,201.445,194.74,194.96,1131838
2023-09-21,193.54,196.21,193.04,194.0,1711903
2023-09-22,195.54,198.9646,194.51,196.79,1523179
2023-09-25,195.57,198.27,194.7,198.12,1045406
2023-09-26,197.0,197.53,194.055,194.99,1538595
2023-09-27,197.03,198.27,194.125,196.7,1156145
2023-09-28,197.09,202.745,196.12,200.53,1198237
2023-09-29,202.77,203.4,198.755,199.92,1170721
2023-10-02,200.78,202.45,197.52,200.19,1227713
2023-10-03,197.9,201.4808,194.09,195.2,2468256
2023-10-04,195.77,198.85,194.58,198.19,1610184
2023-10-05,198.39,199.1,192.85,195.45,1415829
2023-10-06,194.2,200.79,192.14,199.02,1837361
2023-10-09,196.77,198.9,194.5,198.12,860095
2023-10-10,198.86,204.0,198.215,201.75,1216716
2023-10-11,201.84,204.9,201.6,203.46,1646196
2023-10-12,204.34,206.14,200.5,202.36,2120807
2023-10-13,202.37,202.51,193.22,194.5,2439465
2023-10-16,195.77,200.25,195.01,199.78,1963847
2023-10-17,197.32,200.24,194.46,197.72,1274914
2023-10-18,194.5,195.6175,190.6,193.2,1908886
2023-10-19,193.81,194.05,187.1,187.93,3027852
2023-10-20,187.62,188.53,184.3961,185.76,2155052
2023-10-23,183.91,186.07,181.17,182.35,1700656
2023-10-24,182.92,184.43,180.88,183.61,2337504
2023-10-25,180.72,181.4,175.21,175.94,2923590
2023-10-26,178.49,185.29,177.4,179.56,3048756
2023-10-27,181.01,181.96,177.55,179.13,1448062
2023-10-30,172.4,173.0,167.2102,170.18,4475363
2023-10-31,170.79,172.86,167.9301,172.43,2588851
2023-11-01,171.57,172.68,167.5,172.52,2889283
2023-11-02,175.0,178.36,173.31,177.59,2472725
2023-11-03,179.83,183.75,178.93,181.55,3689986
2023-11-06,182.5,184.42,180.44,182.8,4400033
2023-11-07,178.25,191.49,178.19,185.8,4285091
2023-11-08,180.5,184.66,180.11,183.35,2521926
2023-11-09,184.41,184.55,179.64,180.33,2662338
2023-11-10,183.26,187.84,180.73,186.67,3055946
2023-11-13,185.0,185.375,181.96,184.84,1845381
2023-11-14,191.02,195.8,190.17,194.89,2876854
2023-11-15,196.43,202.65,196.43,200.75,2807521
2023-11-16,200.38,203.07,199.61,200.8,2333254
2023-11-17,200.93,202.2,199.0,200.94,1659068
2023-11-20,201.0,204.78,200.79,203.34,2086559
2023-11-21,202.0,202.43,198.5,200.44,2313052
2023-11-22,201.88,204.98,199.27,199.58,1501089
2023-11-24,199.03,200.775,198.48,200.12,834982
2023-11-27,199.05,201.025,198.0,199.66,1023244
2023-11-28,200.0,201.88,198.36,200.03,1263660
2023-11-29,203.74,207.8,202.25,204.33,2149190
2023-11-30,205.18,205.52,201.76,204.08,2269543
2023-12-01,204.0,206.54,202.43,205.68,1363075
2023-12-04,204.06,206.49,203.41,206.28,1638549
2023-12-05,204.57,206.35,202.68,205.83,1937141
2023-12-06,208.54,210.3399,205.38,205.92,2052015
2023-12-07,207.8,213.15,206.817,211.7,2487904
2023-12-08,211.43,217.225,210.8,215.55,2609802
2023-12-11,216.43,221.9,215.96,220.55,2936978
2023-12-12,219.61,221.71,218.76,219.13,1847328
2023-12-13,219.31,223.06,217.53,221.33,2001640
2023-12-14,223.81,233.245,223.0,232.68,3894400
2023-12-15,235.17,238.27,232.8,232.93,3936705
2023-12-18,233.2,233.86,227.27,229.33,2531881
2023-12-19,230.41,231.28,228.615,229.38,1722081
2023-12-20,228.56,229.95,222.68,222.9,2483935
2023-12-21,226.97,229.869,226.52,229.25,1905565
2023-12-22,230.9,232.15,227.77,228.95,1033647
2023-12-26,230.0,233.28,229.37,231.95,1159961
2023-12-27,232.84,233.9,230.645,232.1,919115
2023-12-28,233.17,233.365,230.64,231.07,946434
2023-12-29,231.07,231.9599,227.73,229.68,1105152
2024-01-02,227.26,227.26,218.57,221.18,2668473
2024-01-03,217.58,218.25,214.08,216.08,1924012
2024-01-04,204.305,210.54,204.12,207.76,3880677
2024-01-05,207.99,208.96,204.66,205.72,2165185
2024-01-08,207.3,213.03,207.255,212.17,1923573
2024-01-09,208.13,213.07,207.72,211.71,2023270
2024-01-10,211.86,212.51,207.18,211.29,1759449
2024-01-11,210.99,212.49,207.31,211.49,2138929
2024-01-12,211.3,212.205,207.57,209.11,1247691
2024-01-16,210.69,211.72,206.31,208.99,1749728
2024-01-17,205.93,206.0,201.58,205.48,2146697
2024-01-18,210.71,212.675,208.96,211.61,3148691
2024-01-19,213.34,219.45,212.46,218.36,2750105
2024-01-22,219.63,223.0,217.3467,218.84,2445287
2024-01-23,220.35,224.87,219.45,223.93,2485113
2024-01-24,222.73,224.87,219.6501,221.69,2470703
2024-01-25,222.99,223.89,217.83,219.41,2552668
2024-01-26,218.12,218.95,214.36,215.12,2424543
2024-01-29,216.93,217.57,213.29,217.47,1828064
2024-01-30,215.55,217.25,214.23,215.17,1708229
2024-01-31,212.88,215.32,209.75,210.57,3150816
2024-02-01,211.69,214.04,209.44,213.01,1968641
2024-02-02,210.16,215.56,209.86,214.99,2136288
2024-02-05,218.36,223.42,218.0,221.02,4119437
2024-02-06,220.98,225.42,218.84,223.0,3949333
2024-02-07,225.0,225.0,218.61,221.37,2788986
2024-02-08,221.44,228.85,221.44,227.83,2815415
2024-02-09,229.87,233.66,228.325,233.55,2621521
2024-02-12,234.0,241.26,233.1,236.68,2787798
2024-02-13,230.1,234.23,228.1,232.07,2723745
2024-02-14,233.96,235.46,232.43,233.96,1824982
2024-02-15,235.42,238.13,234.03,234.49,2078353
2024-02-16,234.5,236.69,231.3,232.16,1476242
2024-02-20,230.0,232.2,227.31,231.35,2140523
2024-02-21,230.02,235.35,229.665,235.32,1641086
2024-02-22,241.47,242.4,237.11,239.5,3173421
2024-02-23,240.82,241.325,237.5,238.85,1817815
2024-02-26,240.36,245.0,240.15,243.79,1595984
2024-02-27,245.88,252.83,245.0,245.73,2438279
2024-02-28,243.11,245.865,242.0,243.98,1489157
2024-02-29,247.94,250.3,245.66,249.73,3374693
2024-03-01,251.88,259.08,250.29,257.51,2444768
2024-03-04,259.49,259.49,253.73,254.3,2667655
2024-03-05,251.71,254.28,246.79,248.46,2319781
2024-03-06,252.07,255.355,250.335,251.25,2527872
2024-03-07,253.72,264.26,253.17,259.04,2942300
2024-03-08,259.92,262.91,251.79,252.03,2481950
2024-03-11,250.63,254.31,249.72,253.29,2018442
2024-03-12,256.19,257.99,251.73,257.46,2102569
2024-03-13,253.69,254.35,250.155,250.98,2283410
2024-03-14,250.35,251.345,241.32,243.73,3517528
2024-03-15,234.49,239.31,233.0,237.54,5827326
2024-03-18,240.17,241.99,236.31,236.62,2236909
2024-03-19,234.91,238.145,233.54,236.38,2172363
2024-03-20,235.58,241.7399,234.55,241.27,2102466
2024-03-21,246.65,249.975,244.56,246.11,2926572
2024-03-22,244.35,247.18,243.315,244.33,2236543
2024-03-25,240.9,242.52,238.61,240.34,1703458
2024-03-26,242.19,243.33,238.79,239.06,1443134
2024-03-27,242.25,246.14,240.48,245.44,1631219
2024-03-28,245.89,248.31,245.0,247.77,1731419
2024-04-01,248.38,251.87,244.84,246.28,1342643
2024-04-02,243.82,243.82,239.6,240.77,1532374
2024-04-03,239.09,244.31,238.0,243.88,1021089
2024-04-04,247.23,248.09,237.97,239.17,2209817
2024-04-05,240.25,241.52,238.85,241.01,1574452
2024-04-08,242.15,246.21,241.92,244.92,1182084
2024-04-09,247.21,251.96,246.37,251.83,1703532
2024-04-10,246.73,248.51,240.2,241.08,2028324
2024-04-11,242.85,244.9,240.52,244.33,1736545
2024-04-12,239.62,240.89,232.755,233.61,2597791
2024-04-15,237.49,237.5,228.385,230.11,2304189
2024-04-16,231.62,232.545,227.98,230.68,1652709
2024-04-17,231.07,231.46,225.84,226.92,1971013
2024-04-18,222.0,223.38,217.35,219.35,3495081
2024-04-19,219.35,220.34,213.02,215.12,2760717
2024-04-22,218.67,220.2,214.33,218.66,2230361
2024-04-23,219.02,226.89,218.845,225.61,3024080
2024-04-24,235.46,237.69,232.32,235.04,3810687
2024-04-25,236.86,239.59,233.75,238.08,2052353
2024-04-26,236.95,244.29,236.39,242.7,2059388
2024-04-29,242.75,247.94,242.13,247.13,2976344
2024-04-30,257.72,261.15,250.51,256.19,4800102
2024-05-01,253.35,258.21,246.55,249.43,3538450
2024-05-02,253.44,255.39,245.195,254.26,2317172
2024-05-03,261.0,262.11,257.11,257.85,2513186
2024-05-06,259.26,260.49,256.665,259.63,2213775
2024-05-07,260.57,262.0,258.33,258.65,1605475
2024-05-08,255.58,260.29,255.58,260.21,1636505
2024-05-09,260.51,261.88,258.08,260.8,1777769
2024-05-10,262.5,264.0,260.18,261.73,1072539
2024-05-13,263.99,266.63,263.0,263.93,1395228
2024-05-14,264.7,268.4323,263.94,267.66,1618396
2024-05-15,270.16,272.29,267.75,272.0,2231483
2024-05-16,271.1,273.37,269.55,269.61,1550132
2024-05-17,269.72,270.18,265.7601,267.72,1344629
2024-05-20,267.99,274.525,267.5301,273.57,1271743
2024-05-21,269.26,275.49,268.17,274.42,1156026
2024-05-22,277.0,280.24,275.2401,278.83,2185496
2024-05-23,279.88,279.88,269.68,272.72,2327137
2024-05-24,278.33,280.77,275.55,277.17,1319923
2024-05-28,276.55,282.22,276.12,279.63,1503834
2024-05-29,274.44,277.185,273.4,273.83,1696332
2024-05-30,271.42,274.29,270.225,271.43,1785404
2024-05-31,271.835,273.9,264.22,272.1,3065120
2024-06-03,275.62,277.52,265.105,269.94,1273305
2024-06-04,267.47,271.24,265.64,266.3,1783789
2024-06-05,270.06,276.08,268.771,275.7,1692868
2024-06-06,274.63,275.1659,271.52,272.01,1438293
2024-06-07,272.79,277.0,270.8,271.89,1211311
2024-06-10,268.17,277.32,268.05,276.85,1353965
2024-06-11,276.79,278.36,271.87,277.93,1123035
2024-06-12,282.0,286.8699,279.59,282.99,1653643
2024-06-13,272.05,279.43,272.0,275.47,1382729
2024-06-14,270.0,272.41,266.27,268.85,1680348
2024-06-17,268.45,271.64,264.15,271.26,1702687
2024-06-18,270.78,273.22,269.36,271.4,1650101
2024-06-20,269.61,270.32,263.26,264.68,3003883
2024-06-21,266.43,271.715,264.84,271.03,4027521
2024-06-24,268.98,271.77,266.56,267.27,1680638
2024-06-25,270.31,271.35,266.68,269.92,1460697
2024-06-26,269.0,270.86,265.82,268.17,1693168
2024-06-27,268.21,269.7299,264.41,265.01,1489106
2024-06-28,267.44,273.835,265.88,269.09,2228047
2024-07-01,269.12,269.78,262.53,265.67,1724119
2024-07-02,265.67,272.235,265.505,272.04,1421450
2024-07-03,272.38,274.59,268.4,272.29,1084497
2024-07-05,275.49,275.5,269.795,273.54,1237696
2024-07-08,274.36,277.8,274.16,277.22,1006988
2024-07-09,277.25,278.135,273.18,274.91,1072913
2024-07-10,277.08,282.75,275.08,282.37,1233329
2024-07-11,283.51,284.99,274.46,274.58,2096053
2024-07-12,277.81,283.93,275.74,280.19,1558787
2024-07-15,281.87,286.09,280.0,282.77,1431390
2024-07-16,285.39,291.47,283.26,290.78,1356659
2024-07-17,284.555,296.08,275.97,276.29,4527233
2024-07-18,279.93,285.55,276.05,279.27,2209022
2024-07-19,279.02,279.89,268.096,269.29,2403162
2024-07-22,275.86,284.75,271.02,283.81,4005420
2024-07-23,260.79,269.63,255.15,262.3,6654257
2024-07-24,260.77,262.585,254.21,254.4,4060921
2024-07-25,250.36,255.46,245.42,247.51,4244335
2024-07-26,251.59,256.23,250.58,253.62,2111290
2024-07-29,257.25,262.235,254.31,255.81,2421539
2024-07-30,258.46,258.46,250.36,251.68,2477980
2024-07-31,258.84,264.54,255.19,263.16,3232341
2024-08-01,258.01,260.61,241.4,243.62,4006598
2024-08-02,236.15,238.9078,231.08,237.75,4567156
2024-08-05,232.03,241.98,229.015,235.41,3227591
2024-08-06,237.24,243.02,234.35,236.76,1854896
2024-08-07,243.53,244.52,228.3,229.29,2678128
2024-08-08,236.7,245.96,233.0,245.24,2776151
2024-08-09,242.38,243.91,239.06,242.02,1089276
2024-08-12,242.7,243.12,237.025,240.16,2299072
2024-08-13,241.46,248.61,241.1,248.01,2323540
2024-08-14,247.79,248.885,241.255,243.64,1786039
2024-08-15,250.62,254.76,247.36,253.25,2790226
2024-08-16,251.99,255.78,250.035,254.44,1524003
2024-08-19,252.57,258.42,250.645,258.24,1381441
2024-08-20,256.58,257.375,252.55,254.02,1516412
2024-08-21,256.61,259.74,251.01,254.31,2218687
2024-08-22,254.98,255.37,244.21,245.36,3142475
2024-08-23,251.18,254.27,248.43,252.63,2568464
2024-08-26,251.3,252.025,248.23,249.84,2042049
2024-08-27,247.4,254.54,246.045,252.73,1653476
2024-08-28,252.37,253.37,244.9,246.91,1439409
2024-08-29,249.32,254.25,247.48,248.78,1666545
2024-08-30,254.79,257.61,252.0,256.36,2696453
2024-09-03,251.24,252.24,234.93,236.14,3464128
2024-09-04,234.01,240.33,232.075,238.86,2245345
2024-09-05,236.17,239.83,234.67,236.7,1976784
2024-09-06,236.17,236.47,225.68,226.7,3035625
2024-09-09,230.1,231.07,226.73,230.6,2549490
2024-09-10,227.38,228.915,221.54,225.19,2911128
2024-09-11,224.36,231.33,220.1,230.87,3876759
2024-09-12,228.01,229.24,222.37,225.14,2532950
2024-09-13,228.11,231.88,227.04,229.93,3017664
2024-09-16,227.0,230.5,225.33,230.01,1866372
2024-09-17,232.35,234.68,229.51,232.57,1920660
2024-09-18,233.37,238.64,230.96,231.51,2161234
2024-09-19,238.64,242.49,235.85,238.72,3657010
2024-09-20,233.41,234.17,228.54,231.88,6787626
2024-09-23,232.95,234.0,230.9401,231.86,1470425
2024-09-24,234.6,239.17,230.67,233.75,1913947
2024-09-25,231.53,235.14,231.18,233.97,1621535
2024-09-26,242.625,244.12,234.945,242.24,2067698
2024-09-27,245.18,246.98,242.69,244.93,2444061
2024-09-30,237.39,240.2,236.22,240.01,2898566
2024-10-01,238.81,239.83,230.395,232.22,2440727
2024-10-02,232.6,238.49,230.83,235.36,1404519
2024-10-03,232.75,234.91,230.93,233.24,1748083
2024-10-04,239.56,239.71,231.51,234.24,1599654
2024-10-07,236.98,237.09,232.2,234.02,1806137
2024-10-08,234.02,236.18,232.39,234.96,1469579
2024-10-09,233.24,238.8675,233.0,238.31,1423811
2024-10-10,234.07,236.47,232.5,236.17,1191496
2024-10-11,233.57,240.75,233.35,238.1,1148222
2024-10-14,240.23,243.74,237.85,243.44,1965312
2024-10-15,242.64,244.57,230.14,232.85,3611885
2024-10-16,236.43,237.84,232.5,232.73,1368851
2024-10-17,238.44,238.88,232.1,232.28,2062228
2024-10-18,236.24,236.6691,232.44,233.45,1187652
2024-10-21,231.06,232.445,227.33,230.15,1585290
2024-10-22,229.42,232.49,227.6429,231.52,2173649
2024-10-23,236.23,239.885,233.02,236.32,2957278
2024-10-24,238.68,241.92,235.56,239.06,1593103
2024-10-25,240.62,246.075,240.08,243.16,2140509
2024-10-28,239.42,251.0999,238.13,249.7,2812039
2024-10-29,250.57,256.62,249.06,255.58,2134410
2024-10-30,249.47,253.42,245.0,245.32,2401855
2024-10-31,244.48,244.48,231.3,234.5,3540566
2024-11-01,234.5,240.17,234.095,238.59,2224189
2024-11-04,237.32,239.21,235.57,236.9,2935914
2024-11-05,220.5,224.84,216.93,224.65,5961084
2024-11-06,228.13,233.83,226.11,231.38,3597991
2024-11-07,237.76,238.85,231.88,236.12,3129520
2024-11-08,233.13,235.0,227.965,233.89,2743168
2024-11-11,230.98,231.415,223.71,227.04,2715076
2024-11-12,225.31,226.99,221.85,224.79,2528823
2024-11-13,221.57,225.44,221.44,222.96,3145030
2024-11-14,223.88,225.33,221.37,223.96,2250276
2024-11-15,221.83,223.96,216.59,217.04,2793131
2024-11-18,217.2,220.42,216.0371,220.19,2472978
2024-11-19,218.55,220.59,217.245,219.91,1503557
2024-11-20,217.2,220.47,216.0639,220.34,2143872
2024-11-21,222.11,226.29,219.7817,224.57,1769699
2024-11-22,227.0,227.03,223.705,226.38,1584139
2024-11-25,229.94,235.43,227.83,233.85,2784862
2024-11-26,237.36,238.76,226.75,228.66,2476629
2024-11-27,228.09,229.97,222.86,226.53,1520727
2024-11-29,227.86,232.17,226.72,229.37,1606570
2024-12-02,229.005,236.07,228.175,233.61,2796583
2024-12-03,230.71,232.79,228.09,228.36,2573008
2024-12-04,231.27,231.86,222.54,223.66,2352027
2024-12-05,222.47,223.03,216.41,216.99,2296966
2024-12-06,218.37,220.19,217.61,218.66,2302325
2024-12-09,217.95,225.99,217.2,223.61,2149857
2024-12-10,224.26,224.48,217.05,217.94,1715979
2024-12-11,220.1,221.92,217.76,219.84,2483005
2024-12-12,218.58,219.62,215.43,217.73,1770951
2024-12-13,216.12,218.31,215.05,216.84,2855800
2024-12-16,217.11,220.65,214.79,218.18,2884862
2024-12-17,220.34,223.18,217.61,219.02,3592557
2024-12-18,219.08,223.36,209.29,210.29,3610382
2024-12-19,212.06,213.4599,206.97,207.27,2734949
2024-12-20,205.64,213.47,204.72,210.24,6139389
2024-12-23,210.5,214.84,210.5,214.09,1737645
2024-12-24,214.92,215.41,212.31,215.4,790910
2024-12-26,213.0,217.38,213.0,215.04,885784
2024-12-27,213.33,214.95,211.67,213.76,1162105
2024-12-30,211.55,211.95,206.79,207.47,1817889
2024-12-31,208.74,209.49,206.335,207.85,1154488
2025-01-02,209.61,211.6,205.23,206.21,1424491
2025-01-03,207.3,210.14,205.0,208.86,2308155
2025-01-06,210.01,215.91,210.01,213.41,1972698
2025-01-07,213.88,218.9373,211.24,212.58,2312319
2025-01-08,212.14,213.32,207.34,209.72,2302573
2025-01-10,209.63,211.32,206.38,206.75,2511070
2025-01-13,203.12,207.21,202.25,206.83,1629748
2025-01-14,208.58,210.65,206.73,210.63,1513426
2025-01-15,215.26,216.6618,213.49,213.56,3143423
2025-01-16,215.25,215.42,209.78,210.76,1632367
2025-01-17,216.41,217.458,213.97,215.36,1921559
2025-01-21,215.0,216.7474,213.33,214.88,3237899
2025-01-22,215.185,219.635,214.01,216.09,2367936
2025-01-23,213.62,219.91,212.685,219.88,2250783
2025-01-24,216.45,217.455,211.57,213.43,2777273
2025-01-27,215.005,219.74,212.38,215.08,4526819
2025-01-28,214.0,215.71,208.3,213.43,2446618
2025-01-29,213.23,215.74,211.74,213.01,1739617
2025-01-30,211.64,212.76,206.81,211.39,3304073
2025-01-31,212.0,215.8499,208.31,208.55,3020149
2025-02-03,203.0,207.0835,198.21,204.73,4743077
2025-02-04,207.84,210.0,198.87,202.4,3676469
2025-02-05,201.76,214.13,201.58,213.24,4451082
2025-02-06,216.5,220.62,214.655,216.82,2929073
2025-02-07,215.47,217.86,211.27,212.93,2216694
2025-02-10,214.2,215.07,208.76,210.05,2412374
2025-02-11,208.32,213.64,207.6391,210.97,1273192
2025-02-12,216.4,221.49,212.63,219.79,3202696
2025-02-13,219.21,221.28,216.64,219.59,2761468
2025-02-14,220.8,226.44,219.26,224.14,3085481
2025-02-18,226.79,234.085,226.72,228.86,4327314
2025-02-19,230.52,246.7999,229.55,245.58,5345931
2025-02-20,255.0,255.45,244.08,245.86,4342795
2025-02-21,247.21,248.0,236.22,236.52,5304711
2025-02-24,236.795,238.63,232.87,233.15,3130029
2025-02-25,234.53,235.7,228.02,228.56,3033446
2025-02-26,229.52,230.7,225.38,229.38,2631135
2025-02-27,228.65,229.3,216.46,216.87,3573955
2025-02-28,218.33,221.15,213.63,215.59,4231960
2025-03-03,220.0,222.79,213.48,216.53,4651959
2025-03-04,216.51,218.11,210.72,211.16,4111512
2025-03-05,213.33,217.555,208.67,216.77,2621131
2025-03-06,212.79,219.45,210.67,214.47,3465287
2025-03-07,214.095,223.8,212.5001,222.56,4301488
2025-03-10,217.47,218.07,206.94,208.84,3637276
2025-03-11,209.1,209.76,199.875,205.8,3198173
2025-03-12,208.07,209.98,203.63,204.45,2288747
2025-03-13,204.07,208.0,200.06,201.02,1792710
2025-03-14,204.8,206.96,203.48,206.16,2771741
2025-03-17,204.86,212.1199,204.86,209.83,2207664
2025-03-18,207.45,208.99,205.27,207.1,1862492
2025-03-19,206.18,211.36,206.03,207.38,1640641
2025-03-20,204.06,205.66,201.53,202.64,1455356
2025-03-21,200.18,201.3768,196.95,200.64,3352068
2025-03-24,206.32,212.42,205.595,211.12,2743069
2025-03-25,213.91,216.63,210.75,211.33,1662393
2025-03-26,211.04,212.61,202.87,205.75,3637912
2025-03-27,203.29,203.87,198.72,200.06,2877559
2025-03-28,198.27,199.08,188.85,189.99,4261007
2025-03-31,187.3,191.11,183.56,190.06,4304221
2025-04-01,188.545,190.14,184.3,190.0,2270378
2025-04-02,186.4,196.59,186.4,193.67,2231689
2025-04-03,183.48,185.31,171.71,171.88,6169107
2025-04-04,164.87,167.375,155.87,160.81,6449413
2025-04-07,156.54,173.55,152.37,163.29,6564375
2025-04-08,164.58,169.0,148.09,153.5,5100355
2025-04-09,156.52,187.51,152.205,185.87,8787113
2025-04-10,176.12,177.86,159.53,165.59,6325856
2025-04-11,164.34,169.81,158.66,168.79,5169477
2025-04-14,172.45,173.34,166.76,170.545,2349732
2025-04-15,172.72,174.51,169.46,171.63,1924180
2025-04-16,165.25,170.45,163.16,168.59,4699837
2025-04-17,169.91,172.02,166.76,170.74,2106654
2025-04-21,166.6,171.95,166.6,171.5,2624879
2025-04-22,173.74,176.08,172.17,174.66,2876508
2025-04-23,181.46,185.3632,179.51,180.87,3917726
2025-04-24,187.21,194.43,184.7743,193.57,4247192
2025-04-25,189.39,194.59,188.41,193.55,2486056
2025-04-28,192.87,198.15,190.59,196.24,4337483
2025-04-29,181.515,185.535,177.19,182.62,6950778
2025-04-30,179.29,184.938,176.26,184.31,3210600
2025-05-01,186.11,186.82,181.51,181.84,3354873
2025-05-02,184.48,191.61,184.28,188.14,3434708
2025-05-05,186.02,186.8555,184.15,184.95,2324002
2025-05-06,182.25,184.635,180.6337,182.41,1579820
2025-05-07,183.635,187.815,182.42,186.87,2137553
2025-05-08,189.64,193.04,186.9,188.57,2412350
2025-05-09,191.28,194.05,189.4412,191.88,2683263
2025-05-12,204.88,208.93,204.32,207.03,4998163
2025-05-13,206.2,213.01,206.2,212.4,3910105
2025-05-14,212.58,213.42,209.07,211.33,2386944
2025-05-15,209.71,211.67,208.67,210.73,1999604
2025-05-16,210.95,212.99,209.12,212.56,2094117
2025-05-19,206.68,211.435,205.515,210.36,2108884
2025-05-20,207.68,210.95,207.68,210.08,1672113
2025-05-21,207.36,213.36,204.38,205.35,3018041
2025-05-22,209.695,211.0,196.26,196.51,5012589
2025-05-23,189.915,194.1,189.32,192.15,3674264
2025-05-27,195.3,200.45,193.78,198.9,3935348
2025-05-28,199.05,200.273,195.78,196.21,2240446
2025-05-29,200.0,200.32,194.6,195.89,1851499
2025-05-30,194.66,195.045,188.18,191.13,4292684
2025-06-02,190.36,193.66,189.8,192.81,1734298
2025-06-03,192.21,199.72,190.33,198.96,2866905
2025-06-04,202.26,211.085,201.28,210.02,3857209
2025-06-05,210.93,213.5,205.69,206.9,2362819
2025-06-06,210.6,211.0,207.39,207.68,1901196
2025-06-09,209.61,215.23,208.94,213.08,2727108
2025-06-10,214.44,220.73,213.5,218.72,2588887
2025-06-11,219.8,222.22,215.12,217.41,2222175
2025-06-12,217.305,220.015,216.205,217.4,1711302
2025-06-13,212.875,215.18,210.42,210.9,1840224
2025-06-16,213.94,218.01,213.2238,217.53,1739346
2025-06-17,213.045,217.27,212.58,212.83,2202423
2025-06-18,213.57,214.45,210.73,211.45,1939002
2025-06-20,213.42,215.365,207.71,209.0,4244826
2025-06-23,209.57,211.58,205.865,210.86,1847628
2025-06-24,215.0,220.68,214.1,218.51,2833336
2025-06-25,217.52,217.93,213.81,216.28,1781820
2025-06-26,217.9,219.36,216.58,218.3,2709907
2025-06-27,218.15,220.89,215.11,217.04,2060479
2025-06-30,219.71,219.71,216.65,218.49,2165374
2025-07-01,216.59,225.57,215.45,221.21,4451122
2025-07-02,224.1,232.2,223.86,231.15,2730755
2025-07-03,231.15,233.175,230.2472,232.1,1299390
2025-07-07,228.85,231.63,225.45,226.0,2165787
2025-07-08,228.76,234.32,227.13,232.34,2287990
2025-07-09,231.78,234.53,227.44,230.42,1819193
2025-07-10,233.065,236.46,230.43,233.19,1948182
2025-07-11,230.28,232.07,228.0,228.92,1870717
